record_id,rms_vibration_mm_s,peak_acceleration_g,dominant_freq_1_hz,dominant_freq_2_hz,rail_temperature_c,gauge_deviation_mm,ballast_settlement_mm,fault_type
1,3.208,5.952,99.11,122.08,18.68,4.36,2.15,Track Misalignment
2,3.739,3.789,74.92,146.1,37.06,1.64,19.05,Ballast Degradation
3,2.998,2.754,75.58,173.04,37.54,1.73,24.47,Ballast Degradation
4,1.949,2.412,72.63,179.31,41.18,0.99,1.77,Healthy
5,4.11,6.605,98.07,169.92,40.47,6.48,2.82,Track Misalignment
6,1.713,2.807,107.42,145.95,43.65,0.21,2.13,Healthy
7,6.897,8.434,169.82,157.33,27.91,1.88,2.29,Rail Fracture
8,2.311,2.701,87.38,178.76,29.6,0.96,1.77,Healthy
9,1.828,2.163,92.3,154.67,33.14,0.97,2.99,Healthy
10,1.956,2.704,83.8,127.88,17.08,0.34,1.4,Healthy
11,3.476,2.735,85.37,157.16,41.11,1.04,11.43,Ballast Degradation
12,2.107,2.584,63.31,166.59,27.18,0.88,2.52,Healthy
13,4.651,8.634,166.22,169.84,47.95,2.52,2.89,Rail Fracture
14,5.097,9.407,198.56,132.64,21.83,1.98,3.42,Rail Fracture
15,2.12,2.431,78.77,151.53,31.45,1.17,2.67,Healthy
16,1.534,1.828,77.71,163.82,52.45,0.85,3.58,Healthy
17,2.616,2.324,53.82,211.83,23.96,1.7,20.94,Ballast Degradation
18,3.623,2.682,50.3,136.89,34.9,2.37,21.4,Ballast Degradation
19,5.66,5.76,108.04,227.99,19.53,1.92,4.32,Fastener Displacement
20,3.83,5.568,94.65,156.32,32.94,4.66,2.87,Track Misalignment
21,1.978,2.41,66.72,145.68,29.32,1.12,1.04,Healthy
22,1.782,2.771,100.04,176.84,47.71,0.75,1.73,Healthy
23,2.109,3.124,68.73,166.99,35.51,1.68,4.56,Healthy
24,3.308,1.976,54.02,171.94,46.26,1.64,12.57,Ballast Degradation
25,6.127,9.652,158.85,126.33,16.86,2.11,1.08,Rail Fracture
26,5.038,8.672,141.25,159.6,41.55,1.51,2.09,Rail Fracture
27,1.75,3.33,100.19,168.42,36.87,0.82,2.5,Healthy
28,3.22,6.744,116.4,199.61,37.24,6.87,1.28,Track Misalignment
29,2.417,3.318,68.34,154.63,35.9,0.82,2.18,Healthy
30,1.887,3.107,107.07,108.53,30.39,0.86,2.83,Healthy
31,1.209,3.23,110.91,131.26,42.5,0.69,2.43,Healthy
32,4.655,8.323,93.74,279.75,45.95,2.59,4.42,Fastener Displacement
33,2.445,2.175,96.74,160.81,45.88,1.06,4.5,Healthy
34,1.293,2.953,67.42,153.6,49.62,1.02,1.73,Healthy
35,3.731,2.148,48.95,171.86,45.71,1.81,14.25,Ballast Degradation
36,5.912,8.748,176.19,197.47,37.05,2.36,1.87,Rail Fracture
37,1.611,2.897,82.71,173.43,44.0,0.43,2.36,Healthy
38,5.068,4.78,88.03,276.1,33.13,2.9,3.44,Fastener Displacement
39,2.722,2.68,86.62,193.81,15.38,0.36,0.74,Healthy
40,2.198,3.367,89.14,133.92,7.59,0.82,1.98,Healthy
41,3.613,6.873,96.4,170.04,38.83,6.66,2.3,Track Misalignment
42,3.495,7.321,97.44,217.54,18.74,2.05,0.07,Fastener Displacement
43,4.484,5.764,105.3,252.52,23.79,2.57,0.87,Fastener Displacement
44,5.136,10.192,185.05,162.12,12.86,2.41,1.83,Rail Fracture
45,6.999,7.847,200.23,157.46,16.75,2.08,2.14,Rail Fracture
46,2.935,3.049,87.4,188.68,23.7,0.92,2.47,Healthy
47,1.625,1.887,53.91,140.42,27.95,0.7,4.63,Healthy
48,1.567,3.243,78.89,158.74,35.04,1.02,2.13,Healthy
49,5.245,9.086,233.96,169.91,48.77,1.65,3.14,Rail Fracture
50,3.322,7.328,90.5,158.7,37.99,6.66,3.53,Track Misalignment
51,4.08,6.846,74.21,131.94,0.39,6.7,5.16,Track Misalignment
52,5.039,8.037,83.71,260.2,36.79,2.87,1.74,Fastener Displacement
53,2.931,3.983,50.22,197.01,34.45,1.33,14.03,Ballast Degradation
54,2.287,2.623,102.22,112.33,24.35,0.21,1.59,Healthy
55,6.531,8.753,191.04,169.47,21.91,2.4,3.23,Rail Fracture
56,1.862,2.473,69.52,137.62,23.22,0.78,2.87,Healthy
57,5.652,7.659,179.99,161.49,25.82,2.19,2.71,Rail Fracture
58,5.8,11.403,179.42,159.44,37.0,1.19,1.23,Rail Fracture
59,1.623,3.165,109.17,138.11,35.74,1.44,0.68,Healthy
60,1.809,2.636,97.19,170.32,13.48,0.98,1.86,Healthy
61,1.718,2.554,93.12,181.78,37.93,0.21,3.09,Healthy
62,2.106,2.003,91.69,147.25,18.89,1.05,2.77,Healthy
63,2.653,2.692,85.48,170.92,26.18,0.96,1.91,Healthy
64,3.743,2.272,21.08,200.44,61.04,1.21,13.13,Ballast Degradation
65,2.236,1.954,95.49,210.16,34.89,0.68,2.34,Healthy
66,4.226,7.186,171.81,205.65,31.08,2.52,1.29,Rail Fracture
67,1.854,1.816,84.74,145.15,29.23,0.77,0.62,Healthy
68,2.217,2.634,46.53,182.27,36.0,0.55,1.05,Healthy
69,2.157,4.668,91.3,173.53,31.16,1.09,3.19,Healthy
70,3.085,2.695,67.1,182.4,49.48,1.81,16.19,Ballast Degradation
71,1.648,1.376,70.55,144.87,30.79,1.19,2.23,Healthy
72,1.974,3.734,70.36,144.97,39.14,0.72,3.21,Healthy
73,2.316,2.275,84.82,160.36,19.63,0.25,3.25,Healthy
74,3.936,4.554,101.92,114.82,16.54,4.8,4.11,Track Misalignment
75,2.202,3.041,93.23,160.87,36.06,0.86,3.36,Healthy
76,1.271,1.427,100.03,191.13,21.77,0.15,2.61,Healthy
77,5.286,5.765,79.42,145.35,33.13,6.11,1.38,Track Misalignment
78,3.904,4.995,91.64,192.49,39.99,4.18,3.2,Track Misalignment
79,1.424,4.177,110.93,194.9,35.81,1.27,2.51,Healthy
80,1.508,3.278,85.91,136.34,32.44,0.77,4.48,Healthy
81,5.992,8.353,188.84,160.54,21.09,2.08,1.68,Rail Fracture
82,2.448,3.741,100.39,165.86,23.7,0.42,2.88,Healthy
83,5.671,7.331,83.02,208.03,29.49,1.97,2.28,Fastener Displacement
84,3.499,3.171,61.53,139.93,27.71,2.01,14.86,Ballast Degradation
85,2.546,1.129,90.94,199.35,20.59,0.67,1.67,Healthy
86,3.445,6.297,112.56,157.61,53.96,7.36,4.43,Track Misalignment
87,5.868,7.029,177.68,157.04,27.61,2.3,2.53,Rail Fracture
88,2.3,2.313,63.37,163.71,33.92,0.56,3.41,Healthy
89,1.817,2.591,84.3,171.14,21.91,1.05,2.57,Healthy
90,1.119,2.991,81.69,162.72,32.69,0.88,3.54,Healthy
91,2.923,2.235,76.03,192.39,28.26,0.53,16.03,Ballast Degradation
92,2.472,2.527,72.07,175.54,16.11,0.94,2.61,Healthy
93,4.335,5.189,115.9,160.04,18.95,4.54,1.32,Track Misalignment
94,2.444,3.81,106.54,176.65,48.0,0.14,2.15,Healthy
95,3.004,2.6,53.46,206.41,31.13,1.73,11.83,Ballast Degradation
96,3.669,3.413,48.44,163.07,43.34,1.82,14.59,Ballast Degradation
97,5.505,5.149,177.86,84.73,14.04,2.25,3.03,Rail Fracture
98,6.983,8.409,182.36,167.88,21.97,1.72,2.46,Rail Fracture
99,1.873,2.926,88.35,178.57,22.0,0.44,3.72,Healthy
100,2.943,6.66,91.95,225.95,35.52,2.81,2.91,Fastener Displacement
101,3.528,2.662,77.88,197.54,52.74,2.39,17.12,Ballast Degradation
102,1.973,2.489,78.78,178.95,33.03,0.92,3.24,Healthy
103,5.176,5.653,66.48,260.49,27.49,1.36,1.35,Fastener Displacement
104,2.153,3.221,91.15,178.55,9.81,0.67,0.1,Healthy
105,1.998,3.732,102.81,169.46,27.5,0.97,1.92,Healthy
106,3.945,4.72,97.09,179.9,22.5,6.67,3.27,Track Misalignment
107,3.332,2.331,68.67,137.68,30.76,1.47,18.67,Ballast Degradation
108,2.2,2.892,106.81,154.96,45.45,0.57,2.43,Healthy
109,2.205,4.012,83.84,160.67,20.74,0.72,0.75,Healthy
110,2.102,3.923,127.14,152.1,48.79,0.89,2.33,Healthy
111,3.779,6.293,78.88,134.24,16.02,6.24,2.2,Track Misalignment
112,4.054,6.013,108.69,259.49,43.71,2.59,3.74,Fastener Displacement
113,2.606,6.141,104.55,183.48,49.36,7.28,1.23,Track Misalignment
114,1.837,3.246,70.17,174.91,33.03,0.54,2.24,Healthy
115,1.878,4.24,83.52,159.63,9.93,0.49,2.21,Healthy
116,4.174,4.933,104.33,166.36,33.41,5.63,2.5,Track Misalignment
117,2.007,3.483,92.1,156.55,44.21,1.16,2.7,Healthy
118,3.188,2.607,72.35,167.43,33.01,1.95,10.11,Ballast Degradation
119,4.029,5.178,121.86,275.57,28.47,2.43,1.24,Fastener Displacement
120,2.659,5.135,90.49,174.18,18.47,4.36,1.62,Track Misalignment
121,3.667,3.429,68.98,198.7,44.08,1.65,13.91,Ballast Degradation
122,1.524,2.074,77.71,174.24,31.87,0.57,1.76,Healthy
123,1.604,4.597,89.46,184.51,27.62,0.73,1.72,Healthy
124,1.38,1.733,51.25,138.7,47.57,0.78,3.92,Healthy
125,5.278,10.284,187.79,181.03,26.66,1.99,3.12,Rail Fracture
126,3.546,3.229,55.94,165.58,39.28,1.74,22.6,Ballast Degradation
127,2.031,2.711,57.88,161.23,15.85,1.14,4.17,Healthy
128,2.136,2.492,75.57,182.04,32.58,1.41,1.97,Healthy
129,4.739,7.564,78.29,216.54,31.73,2.45,3.23,Fastener Displacement
130,2.168,2.563,85.35,151.81,50.82,0.93,2.26,Healthy
131,3.269,5.285,96.94,229.85,35.75,1.5,2.47,Fastener Displacement
132,2.604,4.933,97.68,130.34,25.72,6.91,1.44,Track Misalignment
133,4.531,6.419,47.79,143.08,46.56,3.3,2.12,Track Misalignment
134,2.254,4.285,81.96,173.27,16.66,1.22,1.66,Healthy
135,3.867,4.938,88.43,241.12,36.22,2.19,2.36,Fastener Displacement
136,2.185,4.302,92.03,179.47,62.82,0.73,1.62,Healthy
137,2.198,2.631,69.51,215.82,36.6,0.54,3.51,Healthy
138,3.367,3.394,47.68,172.76,54.04,1.72,21.08,Ballast Degradation
139,1.22,3.603,79.3,173.29,20.6,1.27,3.87,Healthy
140,3.905,8.277,91.07,228.27,32.73,2.63,3.11,Fastener Displacement
141,1.857,2.885,58.72,167.07,46.74,0.42,2.87,Healthy
142,1.698,4.034,76.86,175.17,12.42,1.45,3.16,Healthy
143,2.259,2.013,102.74,157.87,30.76,0.63,1.86,Healthy
144,6.987,8.848,159.4,176.29,28.39,2.31,0.78,Rail Fracture
145,2.437,3.02,81.74,160.39,37.3,1.29,2.7,Healthy
146,4.866,7.203,94.82,256.81,30.02,1.91,1.54,Fastener Displacement
147,3.416,3.785,55.65,172.93,17.7,2.42,10.95,Ballast Degradation
148,1.854,3.357,83.42,156.3,49.14,0.76,5.03,Healthy
149,6.568,10.196,192.43,149.06,23.61,1.68,3.59,Rail Fracture
150,5.461,6.251,84.8,175.15,30.9,2.03,4.81,Fastener Displacement
151,5.235,8.464,173.03,147.19,42.66,1.37,2.86,Rail Fracture
152,3.822,5.31,89.84,198.52,40.83,1.85,1.88,Fastener Displacement
153,1.052,2.97,114.96,167.91,33.75,0.99,3.49,Healthy
154,1.243,3.147,74.28,193.86,29.53,0.12,1.11,Healthy
155,5.63,8.498,177.04,188.74,46.18,1.79,0.15,Rail Fracture
156,4.506,4.499,96.24,127.88,22.77,5.59,2.21,Track Misalignment
157,6.767,7.365,184.66,177.13,37.35,1.43,1.7,Rail Fracture
158,2.347,3.566,82.81,156.38,34.54,0.51,1.24,Healthy
159,1.714,2.186,87.43,181.05,15.54,0.81,2.26,Healthy
160,3.773,5.507,66.06,165.65,44.32,3.86,2.88,Track Misalignment
161,1.946,1.865,49.83,185.74,22.17,0.64,0.97,Healthy
162,4.054,4.234,90.67,174.96,36.53,6.8,4.24,Track Misalignment
163,1.36,2.781,105.37,176.18,35.15,0.72,2.08,Healthy
164,1.886,2.97,86.18,150.08,38.85,1.82,0.55,Healthy
165,1.658,3.404,85.7,181.76,45.93,0.87,3.75,Healthy
166,5.123,6.583,101.17,138.16,23.86,6.97,2.48,Track Misalignment
167,2.004,2.857,62.93,176.07,6.44,1.03,0.86,Healthy
168,1.946,3.819,82.32,149.73,27.43,1.25,3.09,Healthy
169,4.098,5.818,90.83,199.98,41.27,2.83,5.13,Fastener Displacement
170,2.101,3.001,89.23,149.63,32.02,0.24,2.65,Healthy
171,1.898,1.869,99.83,173.02,25.01,0.7,0.85,Healthy
172,5.148,6.013,75.41,266.57,27.08,2.14,2.34,Fastener Displacement
173,3.826,5.215,91.15,154.75,59.12,7.03,2.72,Track Misalignment
174,4.306,8.068,78.2,227.77,44.27,2.71,1.86,Fastener Displacement
175,2.626,2.63,81.44,135.56,44.52,1.37,21.65,Ballast Degradation
176,5.398,8.897,162.12,164.32,30.64,1.59,1.93,Rail Fracture
177,1.825,4.034,92.6,136.14,40.38,0.53,1.87,Healthy
178,3.712,6.651,73.38,151.38,25.78,5.82,3.71,Track Misalignment
179,4.748,7.066,165.38,151.14,21.37,1.67,2.34,Rail Fracture
180,1.86,2.684,86.08,136.5,51.77,1.19,2.83,Healthy
181,2.095,2.215,106.94,182.8,34.05,0.05,1.42,Healthy
182,2.546,3.776,61.12,171.63,44.17,0.22,2.49,Healthy
183,1.865,1.703,80.11,157.8,31.37,0.6,2.01,Healthy
184,6.589,10.186,198.8,167.03,11.87,1.69,2.5,Rail Fracture
185,1.997,3.119,78.07,179.62,43.26,0.97,2.21,Healthy
186,4.705,7.351,94.67,145.65,40.41,8.04,4.21,Track Misalignment
187,1.497,3.29,93.68,166.94,35.42,0.71,4.13,Healthy
188,1.736,3.008,98.18,132.06,18.59,0.09,2.54,Healthy
189,5.781,7.55,187.82,170.09,29.71,1.69,3.02,Rail Fracture
190,7.055,8.439,183.69,187.53,36.19,1.56,2.27,Rail Fracture
191,3.672,4.302,69.03,192.39,41.03,3.14,4.07,Fastener Displacement
192,1.096,3.187,69.05,169.39,15.83,0.99,3.63,Healthy
193,1.488,1.491,81.0,152.2,15.94,0.96,2.01,Healthy
194,4.206,7.515,94.04,162.14,39.81,6.45,2.54,Track Misalignment
195,3.917,3.386,29.74,191.19,-0.52,1.57,13.47,Ballast Degradation
196,4.204,6.818,67.11,152.17,21.81,4.98,3.31,Track Misalignment
197,3.408,8.202,84.5,238.8,25.55,1.67,1.1,Fastener Displacement
198,1.662,2.364,71.93,209.02,33.62,0.89,0.55,Healthy
199,3.309,4.165,98.62,138.54,29.85,5.55,2.68,Track Misalignment
200,3.782,7.01,83.67,224.22,41.76,2.37,2.16,Fastener Displacement
201,2.098,4.103,92.33,168.75,26.84,0.81,2.22,Healthy
202,4.425,9.544,181.68,147.26,18.04,1.72,3.1,Rail Fracture
203,4.44,4.169,118.21,155.06,25.68,5.3,2.78,Track Misalignment
204,2.535,3.438,66.03,204.1,40.25,0.8,4.25,Healthy
205,1.987,2.538,93.73,175.49,33.16,0.52,2.64,Healthy
206,1.4,1.97,93.48,107.76,35.26,0.63,3.94,Healthy
207,2.297,2.722,86.71,181.21,27.91,1.15,1.41,Healthy
208,2.415,3.462,113.75,148.2,17.83,0.45,3.23,Healthy
209,2.046,2.214,96.5,138.06,45.75,1.8,2.9,Healthy
210,3.578,3.678,75.96,140.96,17.08,6.48,2.8,Track Misalignment
211,4.567,8.489,161.71,157.47,17.52,0.99,2.21,Rail Fracture
212,1.03,2.359,91.11,173.52,20.31,0.86,3.62,Healthy
213,3.677,2.672,49.43,175.29,35.15,1.67,15.86,Ballast Degradation
214,2.709,4.08,61.71,127.28,25.15,1.55,19.78,Ballast Degradation
215,2.176,3.347,98.67,169.37,38.38,0.71,2.57,Healthy
216,2.097,3.541,93.33,165.97,24.1,0.82,2.47,Healthy
217,2.993,2.633,91.33,188.51,34.08,1.62,2.08,Healthy
218,2.579,2.754,67.46,183.62,36.51,2.22,21.55,Ballast Degradation
219,1.576,3.656,79.53,167.8,32.3,1.06,1.57,Healthy
220,4.101,3.421,70.88,147.19,40.45,1.64,11.18,Ballast Degradation
221,2.272,3.873,127.19,127.4,24.88,0.58,1.56,Healthy
222,1.865,2.148,90.03,166.14,38.29,0.98,3.16,Healthy
223,5.095,6.269,57.06,219.81,13.85,2.1,2.37,Fastener Displacement
224,1.55,3.026,87.6,124.16,31.02,0.8,2.26,Healthy
225,1.757,2.876,86.36,178.31,44.89,0.7,2.0,Healthy
226,4.402,5.465,96.86,186.55,47.21,4.93,1.55,Track Misalignment
227,3.944,5.714,73.47,259.91,24.27,2.06,2.76,Fastener Displacement
228,1.515,2.099,108.74,144.68,21.52,0.79,2.4,Healthy
229,1.863,3.861,72.91,134.34,43.37,0.97,1.82,Healthy
230,4.037,5.936,102.49,218.28,32.07,2.47,0.12,Fastener Displacement
231,5.184,8.392,168.04,168.04,30.86,2.39,3.37,Rail Fracture
232,1.509,3.442,98.63,167.79,-0.7,0.35,4.57,Healthy
233,5.778,9.343,183.59,189.31,36.05,1.53,2.9,Rail Fracture
234,2.514,3.842,78.6,190.63,43.21,1.7,1.67,Healthy
235,1.862,2.657,71.65,104.22,28.22,0.93,1.96,Healthy
236,2.006,3.904,88.92,183.18,36.07,1.28,2.56,Healthy
237,4.276,5.551,91.07,282.41,30.03,2.1,3.88,Fastener Displacement
238,4.805,7.087,100.0,145.15,15.92,4.08,2.46,Track Misalignment
239,2.472,3.591,107.19,160.82,10.4,0.73,3.39,Healthy
240,3.688,2.516,92.59,181.49,40.17,1.86,21.17,Ballast Degradation
241,2.544,4.1,108.55,143.04,29.13,0.97,5.29,Healthy
242,2.504,2.729,71.75,182.36,20.89,0.72,2.37,Healthy
243,1.84,1.293,92.57,149.62,33.47,0.77,2.2,Healthy
244,4.322,7.631,95.26,209.51,15.3,2.24,3.74,Fastener Displacement
245,5.901,8.754,187.88,160.97,25.91,2.13,2.01,Rail Fracture
246,5.591,6.734,196.06,157.2,6.91,1.94,1.51,Rail Fracture
247,4.291,7.13,173.89,113.8,12.53,1.58,4.2,Rail Fracture
248,2.925,4.275,39.99,187.61,21.8,2.0,19.87,Ballast Degradation
249,2.448,2.909,86.05,177.57,22.31,1.06,3.4,Healthy
250,1.831,2.679,96.53,183.02,27.11,0.66,3.1,Healthy
251,2.79,3.063,85.41,151.7,12.73,0.97,19.15,Ballast Degradation
252,1.802,3.926,94.93,165.35,27.93,0.65,2.86,Healthy
253,3.329,3.026,36.98,169.66,41.38,1.11,19.53,Ballast Degradation
254,2.048,3.594,105.67,164.95,41.97,0.55,3.34,Healthy
255,2.491,4.547,83.17,116.76,26.97,1.23,3.11,Healthy
256,2.454,3.339,103.27,185.23,49.74,0.93,3.5,Healthy
257,1.729,4.195,88.24,182.71,34.36,0.59,2.51,Healthy
258,3.256,4.415,81.77,204.21,30.65,3.95,4.58,Track Misalignment
259,1.756,3.804,93.13,170.38,34.6,0.74,3.65,Healthy
260,2.108,3.43,81.59,175.57,37.49,1.58,20.41,Ballast Degradation
261,2.225,1.825,83.38,155.46,10.06,0.94,2.08,Healthy
262,2.378,4.005,107.35,172.9,33.51,1.26,4.35,Healthy
263,3.442,3.141,68.99,125.19,38.16,2.41,17.16,Ballast Degradation
264,1.566,3.886,105.59,143.2,43.65,0.77,2.87,Healthy
265,4.668,6.419,106.15,171.81,39.87,5.19,4.87,Track Misalignment
266,2.557,3.201,56.29,187.84,27.02,1.29,2.4,Healthy
267,2.531,2.372,70.11,160.68,42.1,0.33,0.67,Healthy
268,6.093,8.091,167.18,150.06,32.92,2.48,1.65,Rail Fracture
269,1.752,2.891,105.3,197.26,24.02,0.79,2.6,Healthy
270,3.414,3.004,84.35,191.56,29.38,1.77,19.5,Ballast Degradation
271,4.651,5.309,109.61,246.73,36.2,2.86,1.34,Fastener Displacement
272,1.736,3.188,70.74,161.04,37.95,0.45,1.73,Healthy
273,1.357,2.704,86.78,156.21,30.01,0.79,1.78,Healthy
274,5.379,10.053,171.03,159.73,37.02,2.61,3.06,Rail Fracture
275,1.689,1.96,87.12,126.36,30.36,1.25,0.4,Healthy
276,3.914,4.707,79.51,195.78,43.5,6.58,2.66,Track Misalignment
277,2.376,3.83,88.16,161.12,37.4,0.2,2.83,Healthy
278,3.153,5.253,83.88,139.92,31.44,4.36,2.63,Track Misalignment
279,7.17,6.086,194.69,152.12,28.92,1.97,2.31,Rail Fracture
280,3.686,4.78,78.96,144.22,30.41,4.91,4.03,Track Misalignment
281,2.459,3.812,100.69,154.66,31.17,1.06,2.93,Healthy
282,1.271,3.08,101.19,138.65,40.03,0.92,3.33,Healthy
283,1.687,1.868,77.0,184.56,27.04,0.56,0.5,Healthy
284,2.372,3.539,99.52,177.69,30.31,0.74,2.03,Healthy
285,2.25,2.675,91.98,142.76,49.55,0.57,3.05,Healthy
286,2.173,3.066,85.16,163.76,26.66,0.64,4.13,Healthy
287,3.355,5.883,101.51,236.06,39.16,2.12,3.13,Fastener Displacement
288,4.801,8.681,207.34,122.86,36.06,0.82,1.8,Rail Fracture
289,1.342,3.546,96.29,183.55,16.05,0.9,3.24,Healthy
290,2.004,2.919,112.63,207.34,14.69,1.67,1.49,Healthy
291,4.015,2.303,63.04,162.63,39.1,1.33,16.37,Ballast Degradation
292,3.526,2.268,65.79,151.34,41.65,2.11,13.26,Ballast Degradation
293,3.609,3.088,58.02,145.42,16.84,1.59,14.02,Ballast Degradation
294,6.996,8.29,168.09,150.09,21.19,0.81,2.63,Rail Fracture
295,2.138,3.626,96.29,190.1,32.98,0.91,3.06,Healthy
296,1.821,2.767,72.74,174.28,31.97,0.57,1.77,Healthy
297,2.44,3.055,72.06,182.79,26.84,0.31,3.62,Healthy
298,1.816,3.029,102.14,165.44,19.81,0.99,1.97,Healthy
299,3.621,5.082,90.36,265.8,50.34,3.05,1.38,Fastener Displacement
300,2.843,7.202,97.01,171.09,18.15,7.61,1.68,Track Misalignment
301,5.144,6.935,220.79,156.17,24.74,2.64,3.89,Rail Fracture
302,4.639,7.22,102.54,204.97,41.3,1.84,0.27,Fastener Displacement
303,2.878,2.112,84.59,171.7,24.9,0.81,0.74,Healthy
304,3.03,4.422,59.52,187.62,32.41,1.97,19.03,Ballast Degradation
305,1.944,2.573,119.49,163.03,50.0,0.73,2.79,Healthy
306,6.506,8.643,201.09,169.88,48.22,1.93,4.29,Rail Fracture
307,3.049,3.574,79.99,192.48,40.56,1.49,0.8,Healthy
308,3.505,1.618,84.58,159.05,41.14,2.19,19.48,Ballast Degradation
309,2.476,3.265,54.33,138.04,49.51,0.94,1.66,Healthy
310,2.006,3.515,64.63,146.5,36.0,0.77,3.13,Healthy
311,2.161,3.764,92.3,168.06,31.95,0.51,2.42,Healthy
312,1.946,2.377,77.62,169.42,28.89,0.97,3.08,Healthy
313,2.641,3.697,70.99,145.12,32.17,0.64,1.25,Healthy
314,1.786,2.53,80.26,190.93,35.19,1.67,2.69,Healthy
315,4.069,6.826,91.53,210.69,23.7,7.04,2.73,Track Misalignment
316,1.996,1.792,66.12,188.06,27.87,0.41,2.75,Healthy
317,1.788,3.518,67.57,145.08,34.69,1.14,3.86,Healthy
318,5.891,6.485,112.39,192.07,47.61,2.44,4.71,Fastener Displacement
319,1.968,3.031,96.38,167.9,18.77,0.52,2.76,Healthy
320,2.727,3.546,89.31,181.47,25.67,0.75,1.59,Healthy
321,5.496,7.88,95.31,259.48,35.67,2.92,2.45,Fastener Displacement
322,2.023,2.563,77.1,140.25,46.92,1.17,3.09,Healthy
323,6.315,11.904,158.54,170.61,28.62,2.24,3.42,Rail Fracture
324,4.017,5.304,75.88,245.62,62.39,1.99,0.9,Fastener Displacement
325,1.71,3.238,71.86,151.37,22.91,0.38,3.67,Healthy
326,2.439,3.028,96.65,126.25,42.49,0.86,3.19,Healthy
327,1.556,1.951,74.32,177.43,40.59,0.32,1.42,Healthy
328,1.839,2.047,63.67,146.92,33.95,0.39,2.37,Healthy
329,2.341,2.855,77.08,155.8,26.69,1.63,14.05,Ballast Degradation
330,2.459,2.616,85.62,163.65,40.75,0.44,3.62,Healthy
331,1.407,3.846,118.51,187.04,48.7,0.83,0.67,Healthy
332,2.115,2.586,71.28,163.62,39.77,0.29,2.01,Healthy
333,5.86,8.016,152.01,177.01,45.07,1.87,3.5,Rail Fracture
334,2.218,3.236,72.34,135.3,42.6,0.87,3.76,Healthy
335,1.368,3.676,79.44,172.52,25.88,1.38,1.54,Healthy
336,5.806,8.923,199.73,200.46,27.6,2.03,0.52,Rail Fracture
337,3.641,5.931,56.25,140.1,43.57,5.3,1.66,Track Misalignment
338,5.382,4.887,100.14,207.16,44.81,2.55,1.37,Fastener Displacement
339,2.279,3.31,84.09,155.29,34.67,0.99,4.77,Healthy
340,3.766,5.162,77.37,175.66,40.74,0.96,21.35,Ballast Degradation
341,5.184,5.093,74.95,281.7,41.51,1.76,2.16,Fastener Displacement
342,3.442,2.528,69.99,165.42,32.62,0.78,11.67,Ballast Degradation
343,1.267,2.756,96.46,202.13,41.6,0.29,2.24,Healthy
344,2.08,3.378,71.24,166.43,37.62,1.09,1.61,Healthy
345,3.943,7.316,149.16,142.57,34.82,1.64,0.01,Rail Fracture
346,2.925,7.189,86.87,159.39,16.1,3.29,1.86,Track Misalignment
347,3.693,6.288,88.39,172.15,53.66,4.72,2.42,Track Misalignment
348,5.652,7.978,170.44,147.5,21.48,2.41,3.16,Rail Fracture
349,3.769,2.501,79.01,131.65,19.28,1.45,14.84,Ballast Degradation
350,2.946,4.592,79.63,140.67,33.72,5.5,3.54,Track Misalignment
351,5.393,7.279,127.22,271.82,37.19,2.9,4.56,Fastener Displacement
352,3.686,6.886,75.23,238.82,29.87,2.58,4.68,Fastener Displacement
353,1.81,3.685,76.93,164.17,15.61,1.05,4.63,Healthy
354,4.153,5.085,88.54,144.25,30.49,4.97,2.61,Track Misalignment
355,2.929,3.954,56.56,196.26,43.3,0.26,2.17,Healthy
356,2.248,2.084,94.16,117.97,30.55,1.2,2.52,Healthy
357,3.369,3.682,88.51,184.24,44.9,1.81,19.94,Ballast Degradation
358,2.109,4.009,84.37,187.08,44.87,0.72,3.15,Healthy
359,2.595,3.445,67.14,168.55,51.13,0.74,2.99,Healthy
360,2.729,6.111,64.09,151.24,44.83,5.07,2.17,Track Misalignment
361,1.673,3.028,80.32,130.12,22.87,1.35,2.92,Healthy
362,1.307,2.921,108.42,160.89,47.38,0.92,3.02,Healthy
363,3.993,2.766,84.15,147.09,34.95,1.41,18.4,Ballast Degradation
364,2.789,3.398,63.26,138.94,44.37,1.26,17.93,Ballast Degradation
365,2.323,3.079,66.16,161.26,48.19,1.39,3.29,Healthy
366,2.221,3.596,95.89,182.27,37.0,0.77,1.83,Healthy
367,2.153,3.13,93.36,135.57,40.1,1.52,2.59,Healthy
368,2.139,4.423,69.65,169.47,24.2,0.61,2.45,Healthy
369,2.81,3.314,79.35,219.84,28.3,0.6,0.55,Healthy
370,2.436,4.692,64.16,197.08,33.77,1.08,0.69,Healthy
371,2.354,2.973,94.68,148.16,26.63,0.64,0.46,Healthy
372,7.205,9.543,209.84,159.16,36.61,1.83,1.53,Rail Fracture
373,4.199,6.991,95.9,191.19,25.82,7.16,2.31,Track Misalignment
374,2.645,5.848,109.97,163.01,25.88,6.02,0.87,Track Misalignment
375,2.643,3.18,97.8,180.82,39.86,0.92,2.24,Healthy
376,1.592,3.003,85.22,173.85,28.28,0.91,2.31,Healthy
377,2.004,2.23,58.98,168.01,38.37,0.98,3.12,Healthy
378,2.944,4.381,40.49,178.44,25.44,2.0,17.75,Ballast Degradation
379,3.124,7.808,124.4,291.35,40.9,2.0,0.37,Fastener Displacement
380,4.08,6.755,182.36,145.39,24.85,1.68,3.07,Rail Fracture
381,3.752,5.94,82.79,250.08,24.4,2.13,3.35,Fastener Displacement
382,3.557,3.638,59.77,195.51,35.51,2.09,15.94,Ballast Degradation
383,3.968,5.377,77.68,198.98,25.6,7.38,0.75,Track Misalignment
384,5.042,8.564,200.64,149.01,47.29,1.85,1.81,Rail Fracture
385,5.352,7.674,191.15,125.69,28.11,1.79,2.83,Rail Fracture
386,3.904,6.435,78.41,135.43,37.62,7.79,3.7,Track Misalignment
387,1.151,3.263,57.21,144.2,47.87,1.44,1.16,Healthy
388,2.019,4.247,77.61,154.51,50.04,0.67,3.29,Healthy
389,1.923,1.838,69.17,183.46,32.45,0.69,1.68,Healthy
390,2.136,3.688,45.62,146.7,34.75,0.77,2.94,Healthy
391,1.863,2.631,81.32,190.27,24.95,0.78,2.7,Healthy
392,3.856,6.247,103.48,163.6,30.68,5.86,2.22,Track Misalignment
393,1.565,4.5,82.33,147.96,48.74,0.9,3.14,Healthy
394,1.857,2.881,64.26,163.07,36.26,1.45,2.59,Healthy
395,1.958,4.918,98.0,147.16,39.5,0.54,1.01,Healthy
396,2.041,1.689,67.76,165.23,28.51,0.94,1.16,Healthy
397,2.423,4.15,35.37,140.96,37.59,2.0,14.63,Ballast Degradation
398,1.425,3.281,68.15,172.03,18.68,0.9,1.96,Healthy
399,2.146,3.865,73.67,166.24,22.21,0.66,2.21,Healthy
400,1.453,2.011,49.9,141.76,39.9,0.24,1.0,Healthy
401,2.921,3.225,81.03,179.58,16.25,1.69,14.16,Ballast Degradation
402,2.609,4.696,77.86,135.95,8.39,0.71,2.15,Healthy
403,5.732,7.628,195.91,158.05,20.88,1.75,2.51,Rail Fracture
404,1.525,3.529,90.27,189.18,37.36,0.87,3.82,Healthy
405,3.817,4.036,67.88,158.3,23.78,2.05,16.41,Ballast Degradation
406,1.673,4.669,84.01,156.03,33.29,0.1,1.66,Healthy
407,4.817,7.32,104.64,279.67,38.69,1.8,2.24,Fastener Displacement
408,5.414,8.832,167.26,202.42,25.65,1.43,2.84,Rail Fracture
409,1.839,2.043,72.91,151.32,20.64,0.95,3.82,Healthy
410,2.128,2.276,80.43,149.81,39.62,0.56,3.61,Healthy
411,3.15,5.27,88.8,184.69,36.01,8.2,4.07,Track Misalignment
412,5.829,10.564,197.39,180.11,51.95,1.86,2.38,Rail Fracture
413,3.741,6.042,61.86,145.48,22.39,7.12,3.2,Track Misalignment
414,2.264,3.416,74.13,168.56,57.19,0.79,1.74,Healthy
415,2.041,2.894,84.53,133.24,22.41,0.75,2.32,Healthy
416,5.46,8.043,195.23,162.82,37.39,1.55,3.13,Rail Fracture
417,2.265,2.931,88.67,188.4,25.83,0.58,2.7,Healthy
418,1.629,2.948,83.59,116.26,30.58,0.74,2.32,Healthy
419,1.453,2.423,45.82,154.42,28.65,0.62,3.72,Healthy
420,2.96,2.741,87.71,164.57,24.0,0.66,19.7,Ballast Degradation
421,2.248,1.765,93.26,182.99,37.8,0.72,3.12,Healthy
422,2.678,4.295,68.49,182.07,6.4,2.01,21.13,Ballast Degradation
423,1.636,2.574,101.9,186.44,25.23,0.54,1.79,Healthy
424,1.55,3.25,96.2,163.06,44.11,0.69,2.26,Healthy
425,3.558,4.393,90.25,163.43,21.42,6.68,4.02,Track Misalignment
426,3.554,3.2,79.29,196.24,12.75,0.83,4.69,Healthy
427,1.22,2.723,106.82,173.27,23.77,0.56,1.88,Healthy
428,7.321,8.869,202.69,135.7,18.39,2.17,1.02,Rail Fracture
429,2.227,3.743,94.11,166.62,24.79,0.43,1.94,Healthy
430,2.151,1.53,73.21,191.5,33.87,0.3,5.09,Healthy
431,2.173,3.28,79.49,148.99,56.34,1.15,3.4,Healthy
432,1.549,3.894,72.35,171.23,14.97,0.09,2.85,Healthy
433,3.293,8.198,116.8,276.94,30.17,2.32,3.48,Fastener Displacement
434,3.766,5.962,105.7,191.61,38.25,7.7,2.07,Track Misalignment
435,1.69,3.293,90.96,207.9,25.65,1.12,3.78,Healthy
436,2.52,3.985,90.95,178.19,35.25,1.73,20.15,Ballast Degradation
437,1.528,2.474,88.33,164.41,35.37,0.98,1.81,Healthy
438,1.88,2.697,92.24,124.6,24.3,1.14,0.59,Healthy
439,4.473,6.037,89.38,253.82,27.87,2.22,1.76,Fastener Displacement
440,1.428,2.242,90.92,205.57,37.33,0.66,3.34,Healthy
441,6.13,8.657,186.18,109.14,41.78,1.9,2.05,Rail Fracture
442,1.801,1.898,72.01,193.19,33.82,0.96,2.21,Healthy
443,4.0,5.296,78.35,189.12,25.05,7.09,2.51,Track Misalignment
444,0.93,3.228,85.57,165.96,35.71,0.79,2.44,Healthy
445,1.756,2.337,130.36,149.25,34.1,0.28,2.63,Healthy
446,1.801,3.732,92.08,177.51,13.52,1.44,1.19,Healthy
447,4.147,5.858,72.18,168.33,27.82,4.25,2.23,Track Misalignment
448,1.748,3.251,71.59,115.39,37.48,0.98,2.28,Healthy
449,2.04,1.975,69.59,148.48,42.28,0.67,2.01,Healthy
450,3.736,3.237,68.64,151.88,8.95,1.94,14.34,Ballast Degradation
451,3.472,8.833,98.13,180.55,16.35,2.53,1.98,Fastener Displacement
452,2.325,2.734,80.75,178.44,15.08,1.36,2.7,Healthy
453,1.516,2.354,67.57,170.51,33.73,0.64,1.38,Healthy
454,1.978,2.674,74.72,199.04,32.09,1.24,1.91,Healthy
455,1.975,1.812,106.43,162.03,41.21,0.54,2.32,Healthy
456,2.556,3.218,90.51,194.88,45.72,1.07,0.94,Healthy
457,3.228,7.508,87.56,227.69,30.92,1.42,2.44,Fastener Displacement
458,2.382,2.704,97.27,134.25,22.41,0.92,0.13,Healthy
459,1.541,3.071,68.83,174.33,33.21,1.29,2.51,Healthy
460,5.016,4.54,91.09,261.01,60.16,2.34,2.21,Fastener Displacement
461,1.722,3.69,93.08,164.74,29.54,1.65,1.6,Healthy
462,1.662,4.25,98.3,150.08,38.64,0.89,1.93,Healthy
463,3.851,3.151,70.32,174.48,35.52,1.39,15.76,Ballast Degradation
464,3.233,2.485,54.02,172.12,17.9,1.72,15.95,Ballast Degradation
465,2.359,2.509,109.02,181.49,21.91,0.48,3.17,Healthy
466,1.924,3.891,73.77,167.01,43.5,1.08,2.32,Healthy
467,2.796,2.261,78.71,161.97,33.82,1.84,12.45,Ballast Degradation
468,5.62,9.011,62.52,225.58,37.03,1.79,2.83,Fastener Displacement
469,1.565,3.395,85.32,105.73,46.67,0.85,1.6,Healthy
470,6.222,7.879,204.12,204.18,50.86,1.7,3.01,Rail Fracture
471,1.67,3.223,81.59,176.03,34.3,0.28,2.7,Healthy
472,2.201,2.928,109.63,171.85,37.81,1.17,2.9,Healthy
473,0.903,2.666,96.41,157.23,41.81,0.85,3.92,Healthy
474,5.78,8.024,194.84,127.45,27.96,2.39,4.2,Rail Fracture
475,2.391,2.748,89.95,190.97,53.8,1.06,2.55,Healthy
476,2.251,2.919,87.84,141.73,47.27,0.4,2.02,Healthy
477,2.896,2.704,75.01,152.88,51.25,0.18,1.4,Healthy
478,4.338,4.441,84.37,218.31,42.31,2.89,2.93,Fastener Displacement
479,5.158,8.033,186.81,171.89,19.81,0.26,1.35,Rail Fracture
480,3.049,2.97,48.28,163.71,24.58,1.77,17.08,Ballast Degradation
481,1.962,2.393,86.06,151.34,22.61,0.23,2.11,Healthy
482,4.687,7.175,98.29,277.92,41.75,2.94,1.63,Fastener Displacement
483,2.124,3.925,90.73,182.58,22.66,0.42,4.28,Healthy
484,4.409,5.874,75.26,228.35,18.89,1.79,2.29,Fastener Displacement
485,4.55,7.396,95.74,226.67,44.87,2.47,3.37,Fastener Displacement
486,4.289,6.803,72.9,264.15,37.69,1.94,3.72,Fastener Displacement
487,3.722,5.362,43.82,145.06,32.44,5.39,2.77,Track Misalignment
488,1.853,2.891,80.62,214.32,8.35,0.66,2.5,Healthy
489,2.405,3.569,84.28,159.05,31.77,0.76,2.41,Healthy
490,2.114,3.527,66.55,141.89,13.77,1.1,2.78,Healthy
491,1.357,4.249,75.87,168.7,42.4,0.45,1.9,Healthy
492,3.286,3.211,109.1,191.52,37.05,0.45,3.67,Healthy
493,2.72,3.14,45.25,157.51,40.19,0.72,3.29,Healthy
494,1.412,2.95,85.47,157.34,46.5,0.5,2.84,Healthy
495,2.881,5.93,85.18,208.59,39.37,5.06,0.92,Track Misalignment
496,2.158,3.592,78.29,155.63,33.28,0.99,2.48,Healthy
497,1.792,2.07,114.65,151.7,26.75,0.78,2.57,Healthy
498,3.072,5.96,87.62,113.14,53.69,7.18,3.14,Track Misalignment
499,2.822,3.531,45.63,155.04,30.3,1.83,17.32,Ballast Degradation
500,1.67,1.59,69.73,191.41,37.44,0.87,1.4,Healthy
501,1.487,2.97,98.02,184.85,39.94,0.54,2.53,Healthy
502,1.909,4.426,58.57,159.84,46.33,0.29,1.79,Healthy
503,3.803,1.883,81.87,179.66,38.59,0.9,12.87,Ballast Degradation
504,3.408,5.211,67.01,142.1,28.11,6.59,3.14,Track Misalignment
505,3.515,4.816,91.62,157.33,35.49,5.3,2.31,Track Misalignment
506,4.805,7.039,83.65,260.0,46.81,2.54,2.01,Fastener Displacement
507,6.37,10.009,150.48,153.71,31.96,1.92,3.05,Rail Fracture
508,1.977,3.197,99.59,157.58,42.11,0.87,1.05,Healthy
509,4.285,3.837,74.35,197.91,44.62,1.88,10.94,Ballast Degradation
510,5.03,9.984,158.57,173.15,27.26,1.48,1.67,Rail Fracture
511,2.38,3.791,72.55,163.3,12.96,1.19,4.77,Healthy
512,1.044,3.426,71.44,150.41,39.89,0.89,1.96,Healthy
513,2.057,2.713,68.36,157.68,36.74,0.74,0.95,Healthy
514,0.768,2.688,75.7,168.26,39.18,1.19,1.72,Healthy
515,2.088,1.802,113.51,133.35,37.61,0.94,2.8,Healthy
516,3.453,4.673,84.01,152.59,25.55,7.02,3.69,Track Misalignment
517,6.676,10.697,159.53,174.43,35.58,0.92,0.68,Rail Fracture
518,1.365,4.172,90.27,155.78,22.73,0.62,1.19,Healthy
519,4.842,10.399,153.39,142.05,28.31,0.86,2.37,Rail Fracture
520,2.563,2.963,100.21,132.63,40.84,0.53,0.68,Healthy
521,3.553,2.423,63.9,125.22,9.6,1.72,20.09,Ballast Degradation
522,2.493,2.489,85.47,164.61,30.0,0.66,2.58,Healthy
523,1.528,3.561,70.35,160.2,29.75,0.93,0.17,Healthy
524,6.079,10.025,160.69,163.93,54.05,1.38,3.86,Rail Fracture
525,1.557,2.553,86.5,160.14,40.81,1.26,1.43,Healthy
526,1.354,4.421,89.57,175.56,18.26,0.8,3.06,Healthy
527,2.484,4.618,70.79,142.51,23.34,1.36,3.65,Healthy
528,2.016,2.428,98.35,156.64,30.14,1.01,2.29,Healthy
529,4.117,6.341,109.7,250.92,41.84,2.38,1.72,Fastener Displacement
530,1.77,4.037,92.2,195.21,35.9,0.83,1.47,Healthy
531,3.816,6.7,76.91,226.31,37.55,2.01,1.86,Fastener Displacement
532,1.243,3.079,108.78,148.27,33.02,0.34,4.29,Healthy
533,2.021,3.948,94.92,145.74,25.88,0.97,1.81,Healthy
534,3.314,1.964,81.99,168.89,23.04,1.49,12.41,Ballast Degradation
535,3.309,3.861,115.9,160.85,56.27,7.19,0.59,Track Misalignment
536,6.838,6.406,204.33,178.56,32.98,1.75,1.35,Rail Fracture
537,2.422,3.05,67.42,151.8,30.58,0.89,1.97,Healthy
538,3.099,1.844,58.16,132.67,21.99,1.73,18.34,Ballast Degradation
539,1.679,2.452,102.95,184.45,39.62,1.12,0.32,Healthy
540,5.533,7.494,90.81,236.91,29.97,2.29,2.16,Fastener Displacement
541,4.135,4.671,90.04,148.8,30.96,7.23,1.73,Track Misalignment
542,3.459,3.738,89.87,145.73,31.93,1.3,4.38,Healthy
543,4.037,5.946,92.31,137.69,16.64,4.65,3.08,Track Misalignment
544,6.172,6.108,159.04,181.29,24.72,1.81,3.72,Rail Fracture
545,1.788,2.692,114.63,131.43,37.21,0.45,3.5,Healthy
546,2.171,2.339,73.52,185.4,52.48,0.97,1.51,Healthy
547,3.092,3.072,106.93,148.71,32.54,1.02,2.94,Healthy
548,2.546,3.692,76.27,198.27,52.84,1.41,18.94,Ballast Degradation
549,3.143,2.981,80.34,181.7,47.63,0.88,20.7,Ballast Degradation
550,2.733,4.416,72.79,176.58,39.15,0.94,2.94,Healthy
551,2.759,3.772,69.1,182.51,42.82,0.91,3.74,Healthy
552,3.283,5.109,54.73,163.23,25.65,6.12,4.08,Track Misalignment
553,2.446,2.421,84.93,184.1,11.7,0.78,2.03,Healthy
554,2.875,3.096,84.57,157.87,36.21,2.14,20.22,Ballast Degradation
555,1.97,2.563,86.14,184.74,32.86,0.69,2.22,Healthy
556,3.84,4.397,74.97,173.35,49.8,4.91,1.12,Track Misalignment
557,4.718,9.233,168.51,171.32,39.83,1.8,3.79,Rail Fracture
558,3.902,6.042,102.34,130.12,33.34,5.81,3.06,Track Misalignment
559,2.612,1.85,94.19,186.09,30.15,0.38,3.54,Healthy
560,1.92,2.972,95.73,151.21,25.47,0.83,3.61,Healthy
561,1.322,3.221,68.7,187.41,22.68,0.56,1.85,Healthy
562,4.421,6.719,84.91,135.74,41.01,6.49,3.78,Track Misalignment
563,4.551,6.701,71.94,275.01,21.67,2.34,3.13,Fastener Displacement
564,5.757,6.525,197.76,143.54,38.35,2.49,4.12,Rail Fracture
565,5.043,9.795,170.44,145.6,39.99,1.84,1.42,Rail Fracture
566,2.358,4.336,74.44,143.31,25.06,0.71,0.09,Healthy
567,1.755,3.549,90.29,151.78,39.49,1.05,1.65,Healthy
568,0.999,2.237,73.86,166.63,22.6,0.62,1.15,Healthy
569,2.192,3.282,85.19,131.1,26.18,0.66,2.06,Healthy
570,4.338,3.568,51.82,179.92,40.04,0.93,13.03,Ballast Degradation
571,6.021,9.972,182.24,164.04,34.83,1.97,1.23,Rail Fracture
572,2.167,3.422,66.94,163.57,51.37,1.4,3.59,Healthy
573,1.548,3.503,82.63,177.33,26.04,0.74,2.68,Healthy
574,4.856,9.889,139.71,200.75,60.38,1.52,1.04,Rail Fracture
575,4.689,8.554,79.85,214.9,39.83,2.3,2.41,Fastener Displacement
576,2.221,4.051,69.18,152.86,34.74,0.6,3.36,Healthy
577,3.17,3.046,59.64,185.56,37.32,1.49,21.49,Ballast Degradation
578,4.22,3.443,79.32,163.06,19.13,1.27,21.37,Ballast Degradation
579,3.624,3.54,59.27,162.64,31.87,1.4,18.33,Ballast Degradation
580,2.553,3.282,19.16,179.83,54.1,0.1,4.17,Healthy
581,5.02,7.166,49.75,229.2,45.66,2.92,3.14,Fastener Displacement
582,2.889,1.94,48.5,129.95,33.49,1.44,14.48,Ballast Degradation
583,1.85,3.005,87.53,173.34,35.69,0.71,2.81,Healthy
584,6.344,9.277,155.94,150.77,38.75,1.78,2.92,Rail Fracture
585,5.363,7.325,97.75,212.01,53.85,2.03,1.54,Fastener Displacement
586,1.597,4.268,79.72,159.08,48.81,1.03,4.92,Healthy
587,3.987,5.384,57.3,237.24,45.59,2.47,2.52,Fastener Displacement
588,2.493,3.607,11.61,173.42,61.27,1.14,13.25,Ballast Degradation
589,2.359,3.012,132.7,168.33,35.15,0.2,1.9,Healthy
590,1.399,1.49,85.48,195.16,33.47,0.68,0.46,Healthy
591,2.298,1.753,102.02,181.85,45.46,1.0,3.22,Healthy
592,2.391,1.727,62.48,148.81,31.57,0.94,2.86,Healthy
593,2.517,2.389,88.58,146.35,30.93,0.91,1.25,Healthy
594,4.208,5.642,113.91,157.36,34.46,7.16,4.32,Track Misalignment
595,1.976,3.777,123.08,171.98,34.28,0.86,3.94,Healthy
596,3.129,5.472,67.24,153.61,32.38,6.67,3.09,Track Misalignment
597,3.603,5.829,101.87,143.15,37.31,5.55,2.73,Track Misalignment
598,3.868,6.913,80.34,156.7,22.42,6.42,1.88,Track Misalignment
599,2.398,3.54,78.8,171.0,30.04,0.95,2.88,Healthy
600,4.447,5.962,81.94,204.45,38.58,2.94,5.28,Fastener Displacement
601,1.635,2.878,55.32,185.38,24.52,0.79,0.93,Healthy
602,1.874,2.992,92.2,196.66,41.06,1.14,4.09,Healthy
603,1.983,3.706,101.1,179.27,17.0,0.51,2.2,Healthy
604,4.643,9.79,207.5,191.38,46.26,1.79,3.03,Rail Fracture
605,5.143,6.484,121.72,168.91,33.25,3.98,3.72,Track Misalignment
606,4.418,2.746,70.76,163.68,41.61,2.04,12.31,Ballast Degradation
607,2.899,3.831,85.39,160.23,39.34,1.39,2.98,Healthy
608,2.023,2.77,82.57,167.98,51.9,0.72,2.56,Healthy
609,2.322,3.957,109.37,169.47,39.32,0.75,3.08,Healthy
610,3.366,5.318,91.78,158.53,30.33,6.34,5.48,Track Misalignment
611,2.403,3.414,87.58,176.64,25.39,0.71,2.48,Healthy
612,1.477,2.215,96.46,170.4,39.72,0.16,0.87,Healthy
613,3.208,6.294,57.65,183.55,23.23,6.6,6.03,Track Misalignment
614,2.192,2.855,86.95,144.94,41.59,0.29,3.87,Healthy
615,1.369,4.116,83.99,206.97,46.43,0.52,2.41,Healthy
616,2.687,3.306,87.64,160.6,32.44,1.26,2.5,Healthy
617,1.746,2.612,63.97,148.49,49.48,0.73,3.27,Healthy
618,2.256,2.887,77.78,168.98,27.55,0.06,3.51,Healthy
619,1.859,2.324,62.95,169.93,50.75,0.87,0.98,Healthy
620,4.042,6.872,94.1,154.16,39.0,1.9,0.94,Fastener Displacement
621,2.021,2.393,70.31,187.57,16.38,1.17,2.32,Healthy
622,3.582,7.869,94.2,220.94,38.48,2.19,1.79,Fastener Displacement
623,2.175,2.789,75.46,158.34,38.98,0.52,3.33,Healthy
624,3.56,5.306,64.83,271.5,32.34,2.26,1.91,Fastener Displacement
625,2.895,2.933,94.67,153.19,21.43,0.72,3.71,Healthy
626,1.608,3.109,92.49,201.14,36.89,1.03,3.29,Healthy
627,1.567,2.241,65.02,182.5,36.19,0.83,0.35,Healthy
628,1.598,4.436,63.26,147.13,8.77,0.93,1.29,Healthy
629,1.382,3.544,95.67,204.86,25.46,0.88,1.08,Healthy
630,1.767,3.325,100.26,186.8,23.73,1.15,2.45,Healthy
631,3.049,6.32,111.13,171.76,34.92,5.64,5.19,Track Misalignment
632,2.066,2.509,91.58,196.95,18.55,0.41,1.97,Healthy
633,2.899,3.701,99.16,159.18,29.85,0.29,3.36,Healthy
634,5.088,7.758,82.87,235.47,42.81,2.18,3.31,Fastener Displacement
635,4.811,8.144,114.43,224.28,43.49,2.14,1.93,Fastener Displacement
636,4.603,9.823,184.9,160.5,52.4,2.19,0.67,Rail Fracture
637,5.263,4.996,109.21,256.91,40.37,1.05,2.43,Fastener Displacement
638,4.275,5.048,73.48,165.75,4.32,5.13,2.54,Track Misalignment
639,4.301,6.645,85.99,287.16,30.47,2.51,3.44,Fastener Displacement
640,3.362,3.594,80.73,148.53,34.5,2.42,17.26,Ballast Degradation
641,1.652,3.718,75.68,151.24,46.34,1.15,2.73,Healthy
642,1.87,2.994,75.08,184.89,25.37,1.32,2.15,Healthy
643,5.093,5.973,80.53,221.01,42.83,2.17,2.36,Fastener Displacement
644,4.442,5.464,65.25,228.4,27.16,3.16,2.46,Fastener Displacement
645,1.777,4.27,88.62,159.11,40.9,1.15,1.87,Healthy
646,2.417,2.188,85.19,140.48,22.18,0.6,3.02,Healthy
647,2.872,6.828,67.8,174.43,45.45,5.54,2.28,Track Misalignment
648,6.54,10.168,177.43,201.2,43.72,0.7,3.12,Rail Fracture
649,5.389,6.571,86.11,219.73,26.99,3.04,2.61,Fastener Displacement
650,2.441,2.608,108.56,149.21,30.38,0.42,3.59,Healthy
651,1.272,4.468,58.57,157.38,46.91,0.29,3.12,Healthy
652,2.035,3.385,111.41,207.87,32.32,0.61,1.49,Healthy
653,4.212,7.371,86.54,211.96,36.08,3.55,2.37,Fastener Displacement
654,1.888,1.751,60.7,124.61,37.17,0.32,3.88,Healthy
655,3.159,5.79,94.33,147.3,22.16,4.81,2.89,Track Misalignment
656,1.632,4.449,76.31,199.23,30.92,1.08,3.31,Healthy
657,1.622,3.753,112.7,159.31,33.38,0.62,2.12,Healthy
658,3.419,2.341,94.23,178.74,56.32,1.78,19.55,Ballast Degradation
659,1.974,2.727,71.58,181.01,20.12,0.98,4.78,Healthy
660,1.323,2.624,91.32,163.45,17.61,0.93,2.49,Healthy
661,1.886,3.818,65.99,142.38,40.94,1.18,1.45,Healthy
662,1.378,2.873,97.55,155.43,30.26,0.4,1.79,Healthy
663,5.351,8.967,152.83,158.08,15.43,0.95,4.0,Rail Fracture
664,1.709,3.143,66.38,197.69,43.61,0.82,15.07,Ballast Degradation
665,2.153,3.144,98.51,189.04,41.62,1.3,3.17,Healthy
666,2.558,2.936,85.5,202.87,50.84,0.8,2.0,Healthy
667,4.323,6.178,80.17,172.3,32.76,7.21,2.64,Track Misalignment
668,2.436,2.807,96.34,166.72,19.41,1.04,2.66,Healthy
669,2.656,3.498,88.74,168.6,21.96,0.19,1.54,Healthy
670,5.226,8.719,177.33,160.26,25.72,1.56,4.4,Rail Fracture
671,4.792,10.57,189.01,140.92,32.53,1.82,0.33,Rail Fracture
672,2.652,4.96,96.37,168.59,43.71,0.6,2.62,Healthy
673,2.179,2.544,74.7,174.1,31.49,0.13,0.9,Healthy
674,1.603,3.29,88.28,188.44,41.28,1.18,3.17,Healthy
675,4.042,3.644,61.06,192.96,7.2,1.2,12.97,Ballast Degradation
676,1.486,2.836,80.23,130.71,40.15,1.04,3.66,Healthy
677,1.982,2.979,110.32,102.65,22.47,0.8,1.31,Healthy
678,1.943,2.54,85.97,178.82,30.4,0.64,2.32,Healthy
679,2.746,7.114,78.23,282.38,39.5,2.54,1.39,Fastener Displacement
680,5.122,9.447,154.7,177.88,13.64,1.01,3.04,Rail Fracture
681,3.722,7.366,89.28,150.77,33.41,4.11,4.39,Track Misalignment
682,4.56,6.294,69.88,291.71,42.72,2.21,3.21,Fastener Displacement
683,2.281,2.56,47.5,141.2,32.33,0.82,4.35,Healthy
684,2.037,2.977,101.56,152.02,31.46,0.42,4.06,Healthy
685,3.996,6.912,92.64,234.14,27.12,1.95,2.87,Fastener Displacement
686,2.782,3.139,76.18,180.43,39.08,1.27,13.93,Ballast Degradation
687,5.501,8.071,168.04,154.56,23.79,1.78,2.97,Rail Fracture
688,5.525,11.256,163.57,162.85,25.09,2.1,2.04,Rail Fracture
689,4.874,6.834,114.89,219.41,31.49,2.37,3.1,Fastener Displacement
690,1.879,1.795,97.29,141.1,49.43,1.44,2.23,Healthy
691,3.063,3.437,56.18,141.08,29.82,1.39,16.9,Ballast Degradation
692,1.543,2.999,77.65,157.44,41.81,1.32,3.81,Healthy
693,4.839,6.32,70.13,205.87,28.19,1.95,0.4,Fastener Displacement
694,2.207,1.378,101.65,160.3,53.14,0.2,3.51,Healthy
695,5.277,9.029,194.08,179.88,52.64,2.32,1.85,Rail Fracture
696,4.754,6.232,80.4,237.99,32.83,1.93,3.27,Fastener Displacement
697,3.682,2.154,89.76,199.03,42.72,1.12,18.65,Ballast Degradation
698,2.796,2.021,92.77,210.56,33.33,0.71,1.22,Healthy
699,4.108,5.798,66.48,276.75,45.7,2.15,1.23,Fastener Displacement
700,2.826,2.564,70.69,156.74,36.91,1.24,17.74,Ballast Degradation
701,1.785,3.735,83.15,178.45,40.38,0.64,3.7,Healthy
702,3.219,2.727,77.68,154.84,33.55,1.03,10.83,Ballast Degradation
703,3.824,2.296,98.21,188.3,36.0,2.03,17.24,Ballast Degradation
704,4.076,2.203,76.13,165.32,36.82,1.79,12.09,Ballast Degradation
705,1.853,3.443,80.51,106.44,-0.69,1.25,3.85,Healthy
706,1.864,4.321,84.74,136.56,28.38,0.8,1.39,Healthy
707,3.008,3.335,84.84,136.51,50.01,0.83,2.18,Healthy
708,3.82,8.042,63.36,249.98,31.85,2.57,2.28,Fastener Displacement
709,2.0,3.085,59.41,159.92,41.75,0.67,2.25,Healthy
710,1.943,2.279,84.45,186.87,21.44,0.67,0.98,Healthy
711,3.69,7.273,86.38,228.97,21.63,2.13,1.33,Fastener Displacement
712,3.399,6.62,85.79,216.21,39.93,5.51,3.25,Track Misalignment
713,3.67,4.423,65.44,195.89,17.35,4.75,3.65,Track Misalignment
714,1.659,3.144,63.98,182.89,34.27,0.87,4.09,Healthy
715,3.972,4.637,82.11,260.78,23.86,1.96,1.88,Fastener Displacement
716,2.622,3.537,110.65,205.72,43.46,1.05,2.27,Healthy
717,1.848,3.435,74.19,160.8,7.09,1.4,2.26,Healthy
718,2.656,3.21,106.67,137.68,59.37,1.18,2.73,Healthy
719,4.686,7.662,106.66,183.58,39.17,2.15,4.67,Fastener Displacement
720,5.347,7.37,163.5,181.29,25.71,1.42,1.92,Rail Fracture
721,3.878,5.578,86.14,259.85,16.93,1.85,1.71,Fastener Displacement
722,1.85,2.877,63.18,151.65,28.59,0.66,2.67,Healthy
723,6.101,8.717,143.18,167.08,34.36,2.71,1.84,Rail Fracture
724,6.235,9.222,203.36,161.03,51.48,1.4,2.05,Rail Fracture
725,4.237,5.404,102.25,169.0,55.2,1.97,2.66,Fastener Displacement
726,2.792,3.366,114.47,184.82,13.14,1.71,1.87,Healthy
727,2.012,3.743,74.67,178.77,30.21,1.35,2.98,Healthy
728,1.026,2.94,91.16,169.92,43.57,0.67,2.55,Healthy
729,3.215,6.279,79.99,144.93,36.7,7.77,3.64,Track Misalignment
730,1.688,2.555,97.57,164.07,21.49,0.21,3.42,Healthy
731,3.811,3.868,53.65,164.01,31.12,1.46,20.74,Ballast Degradation
732,2.188,3.241,93.74,177.35,22.2,1.15,3.78,Healthy
733,1.328,2.92,87.92,139.82,29.04,0.31,3.17,Healthy
734,4.334,5.625,84.15,246.09,28.69,1.91,1.65,Fastener Displacement
735,1.842,4.755,73.44,152.72,69.23,0.95,0.98,Healthy
736,1.59,3.636,81.84,155.32,50.7,1.0,3.57,Healthy
737,1.8,3.428,103.14,167.96,52.82,1.1,2.73,Healthy
738,3.239,2.124,62.91,169.87,28.42,1.59,11.18,Ballast Degradation
739,1.936,2.943,79.86,154.25,49.98,1.29,2.99,Healthy
740,2.279,3.052,82.15,172.44,28.15,0.89,2.72,Healthy
741,3.526,7.054,71.41,152.4,27.18,6.79,3.62,Track Misalignment
742,6.778,6.542,173.45,183.63,41.13,2.28,2.58,Rail Fracture
743,6.657,10.383,157.57,168.91,28.43,1.29,0.87,Rail Fracture
744,3.547,3.456,62.23,177.69,30.99,1.09,22.14,Ballast Degradation
745,3.623,3.978,74.83,173.38,45.88,6.23,2.55,Track Misalignment
746,2.189,1.361,68.18,175.27,18.56,0.95,3.5,Healthy
747,2.632,2.668,42.19,162.77,34.12,1.8,16.63,Ballast Degradation
748,4.137,5.714,93.33,174.27,27.06,5.27,4.55,Track Misalignment
749,4.095,2.288,47.1,212.56,30.21,0.94,12.23,Ballast Degradation
750,2.245,2.722,108.1,151.66,44.56,1.42,1.56,Healthy
751,2.175,2.4,89.05,160.05,30.3,0.82,2.58,Healthy
752,3.874,4.382,83.22,164.02,28.17,7.91,0.5,Track Misalignment
753,2.947,4.14,64.63,168.89,27.68,1.78,11.42,Ballast Degradation
754,4.074,3.581,77.38,195.53,40.4,1.58,17.96,Ballast Degradation
755,1.929,3.935,110.45,142.5,27.67,0.44,1.15,Healthy
756,4.354,5.805,93.34,124.14,47.15,5.01,3.09,Track Misalignment
757,3.824,4.777,69.49,168.24,29.03,4.55,3.24,Track Misalignment
758,1.982,3.055,78.39,175.18,47.84,1.03,3.26,Healthy
759,1.379,2.387,81.93,149.03,21.29,0.14,1.02,Healthy
760,1.969,2.445,86.18,155.46,45.0,0.74,3.27,Healthy
761,1.369,2.937,66.47,162.62,24.8,0.93,1.02,Healthy
762,0.902,3.401,98.61,148.19,33.2,0.86,4.2,Healthy
763,4.838,11.778,171.13,123.4,26.59,0.93,2.77,Rail Fracture
764,3.281,2.84,48.35,158.53,19.1,1.87,14.21,Ballast Degradation
765,3.991,7.109,100.72,204.5,47.86,2.44,3.33,Fastener Displacement
766,2.528,2.397,78.64,176.55,20.75,0.76,3.7,Healthy
767,4.459,3.794,68.57,113.59,20.84,2.03,9.17,Ballast Degradation
768,3.558,5.888,82.69,276.17,24.21,2.64,2.99,Fastener Displacement
769,4.327,4.977,75.54,191.94,39.99,5.25,2.7,Track Misalignment
770,5.216,8.743,194.69,172.44,38.12,2.61,2.27,Rail Fracture
771,2.754,4.056,70.31,169.84,27.35,0.91,16.02,Ballast Degradation
772,1.673,1.713,72.98,148.53,24.5,1.14,1.17,Healthy
773,2.071,3.672,83.0,182.4,31.11,0.95,0.85,Healthy
774,2.17,3.302,92.13,153.45,49.39,0.64,2.96,Healthy
775,7.415,8.351,151.1,132.04,50.08,1.71,3.0,Rail Fracture
776,6.168,8.48,150.79,134.35,50.52,1.85,2.25,Rail Fracture
777,2.302,3.527,87.44,160.15,49.83,0.63,2.93,Healthy
778,1.726,2.435,79.69,154.17,16.96,0.57,2.79,Healthy
779,2.249,1.18,94.62,152.72,37.98,0.8,2.29,Healthy
780,4.71,11.752,188.91,188.88,43.34,1.96,0.53,Rail Fracture
781,2.889,2.33,102.19,167.61,28.38,0.78,1.07,Healthy
782,1.513,2.723,98.88,170.59,16.7,1.1,2.49,Healthy
783,2.336,2.883,67.52,205.65,32.81,0.77,2.05,Healthy
784,1.764,1.919,74.82,194.19,42.15,0.71,4.01,Healthy
785,3.471,2.884,60.48,146.7,33.05,1.67,15.29,Ballast Degradation
786,4.892,6.229,84.35,302.87,40.28,2.34,2.76,Fastener Displacement
787,2.552,1.459,105.62,161.92,12.28,0.25,0.82,Healthy
788,4.025,6.311,76.76,140.62,28.46,4.67,2.75,Track Misalignment
789,3.675,5.35,83.01,149.72,43.19,7.51,2.73,Track Misalignment
790,1.423,2.857,75.61,156.14,24.75,0.7,3.09,Healthy
791,1.161,2.478,62.21,170.37,38.54,0.89,1.63,Healthy
792,1.788,2.203,96.13,183.0,43.44,0.59,3.8,Healthy
793,4.962,4.864,81.64,209.66,29.68,2.14,2.05,Fastener Displacement
794,2.464,4.035,74.49,149.09,20.27,1.26,3.73,Healthy
795,1.372,2.085,87.56,177.09,10.27,0.69,4.28,Healthy
796,3.703,3.454,55.04,158.56,31.58,1.22,19.58,Ballast Degradation
797,2.253,2.581,93.52,119.98,37.84,0.06,2.25,Healthy
798,2.28,2.091,67.46,149.85,35.05,0.09,2.49,Healthy
799,3.486,3.368,71.16,153.08,11.7,1.45,19.5,Ballast Degradation
800,1.35,3.172,84.1,192.04,27.05,0.72,3.66,Healthy
801,1.501,4.786,68.82,163.58,36.81,0.89,2.29,Healthy
802,4.354,5.64,117.25,160.16,39.57,7.39,2.11,Track Misalignment
803,2.527,2.162,76.34,145.23,48.87,0.5,3.12,Healthy
804,1.934,2.036,64.54,183.91,19.13,0.94,2.63,Healthy
805,2.212,2.346,70.37,180.73,26.08,0.16,3.21,Healthy
806,4.961,6.561,85.25,250.09,34.69,3.3,1.33,Fastener Displacement
807,2.931,4.486,89.23,177.16,46.11,0.38,1.06,Healthy
808,2.123,2.841,85.17,112.51,30.9,0.54,3.51,Healthy
809,4.084,6.507,62.54,177.99,39.92,8.15,4.83,Track Misalignment
810,2.006,2.836,100.41,140.77,21.55,0.44,2.1,Healthy
811,3.733,6.123,73.2,240.5,32.35,3.15,2.29,Fastener Displacement
812,2.233,2.431,96.39,152.24,42.37,0.82,4.17,Healthy
813,2.343,2.569,44.98,134.58,39.84,1.28,21.25,Ballast Degradation
814,2.358,2.849,115.58,153.42,42.31,1.18,1.93,Healthy
815,2.334,3.402,63.84,140.17,5.1,1.01,2.21,Healthy
816,1.239,2.231,77.83,150.21,34.3,1.0,5.0,Healthy
817,2.502,2.419,59.88,157.25,15.43,0.81,1.64,Healthy
818,5.581,7.332,60.44,274.77,24.99,3.01,1.69,Fastener Displacement
819,2.238,3.522,88.01,161.86,17.1,1.01,2.55,Healthy
820,2.575,2.001,109.66,164.51,36.49,0.66,0.67,Healthy
821,2.151,3.473,82.03,116.76,16.04,1.52,1.3,Healthy
822,1.58,2.872,94.38,146.96,50.51,0.83,3.01,Healthy
823,3.947,8.785,83.03,284.33,26.27,2.64,3.04,Fastener Displacement
824,5.501,8.602,185.17,163.02,28.96,2.15,1.79,Rail Fracture
825,4.824,4.142,91.39,269.51,36.67,2.49,3.84,Fastener Displacement
826,6.849,8.491,191.43,127.68,34.63,1.11,1.57,Rail Fracture
827,2.675,1.974,96.19,154.15,22.77,1.02,3.54,Healthy
828,4.005,3.092,70.75,171.68,38.95,1.99,13.93,Ballast Degradation
829,1.787,3.089,96.35,119.51,27.26,0.93,0.69,Healthy
830,2.495,3.702,90.61,184.41,35.37,0.99,2.15,Healthy
831,1.715,3.884,107.82,195.36,28.51,0.47,3.9,Healthy
832,2.148,2.556,91.38,141.12,39.97,1.28,4.29,Healthy
833,1.378,3.138,117.1,145.89,32.35,1.29,3.18,Healthy
834,3.506,5.51,103.36,234.44,30.84,2.13,3.64,Fastener Displacement
835,2.465,3.476,95.37,167.19,18.72,0.58,2.26,Healthy
836,1.993,4.245,103.71,161.51,19.71,1.27,2.45,Healthy
837,2.321,3.718,48.61,146.86,31.79,1.06,1.93,Healthy
838,2.327,2.672,93.13,140.55,18.12,1.06,2.78,Healthy
839,5.449,7.211,207.4,131.49,46.77,1.84,3.45,Rail Fracture
840,6.206,10.142,157.0,179.87,38.0,2.66,3.13,Rail Fracture
841,1.982,2.829,91.66,178.96,37.31,0.74,1.69,Healthy
842,2.157,2.287,82.09,126.65,33.39,0.73,1.87,Healthy
843,1.48,3.494,117.8,188.7,32.65,0.4,1.0,Healthy
844,1.691,2.496,80.11,162.75,38.34,0.37,1.75,Healthy
845,1.912,4.285,88.48,129.5,37.6,0.99,2.36,Healthy
846,4.239,2.251,73.97,169.4,39.61,2.4,11.85,Ballast Degradation
847,3.19,3.036,62.92,127.55,38.47,1.46,14.18,Ballast Degradation
848,4.168,5.174,93.88,206.9,18.82,2.79,1.29,Fastener Displacement
849,3.109,6.319,98.59,249.85,39.34,1.97,1.76,Fastener Displacement
850,3.546,6.452,78.61,170.1,37.52,5.16,1.2,Track Misalignment
851,1.815,3.157,67.95,193.8,35.05,0.57,2.32,Healthy
852,2.59,2.858,87.33,177.62,24.85,0.87,2.8,Healthy
853,3.738,4.532,86.95,165.78,35.85,7.48,1.2,Track Misalignment
854,3.239,3.43,101.96,158.24,22.08,0.69,3.28,Healthy
855,4.579,5.36,79.39,161.04,40.97,4.92,1.39,Track Misalignment
856,3.699,2.707,65.7,178.35,23.39,1.72,19.54,Ballast Degradation
857,2.142,2.022,92.79,133.9,39.91,0.62,2.51,Healthy
858,4.016,3.649,54.59,151.64,38.0,1.48,12.21,Ballast Degradation
859,3.65,4.383,93.16,160.19,35.62,6.49,3.45,Track Misalignment
860,4.269,2.941,81.48,162.88,15.91,2.32,17.79,Ballast Degradation
861,4.253,6.101,72.34,227.34,35.62,1.99,3.42,Fastener Displacement
862,2.809,4.459,86.39,146.88,29.72,1.11,1.93,Healthy
863,3.927,4.494,77.11,171.45,22.25,5.0,1.98,Track Misalignment
864,4.909,9.22,181.64,207.31,11.44,1.31,4.1,Rail Fracture
865,3.278,6.177,79.6,148.71,30.52,5.54,3.03,Track Misalignment
866,3.23,2.665,90.09,156.36,39.95,1.77,19.03,Ballast Degradation
867,5.668,6.656,156.4,179.42,29.66,2.53,2.3,Rail Fracture
868,2.537,2.962,92.97,166.02,34.37,1.4,3.82,Healthy
869,2.097,2.509,82.41,171.81,42.36,1.06,1.28,Healthy
870,1.96,2.309,105.05,197.19,35.9,1.05,3.34,Healthy
871,3.462,2.071,85.3,188.44,27.4,1.58,14.33,Ballast Degradation
872,2.174,2.627,87.19,135.45,30.23,1.05,3.17,Healthy
873,3.004,3.011,67.88,173.91,27.37,2.0,13.78,Ballast Degradation
874,2.013,2.842,86.44,169.27,45.54,0.83,3.9,Healthy
875,1.842,2.532,57.74,171.07,55.59,0.96,3.26,Healthy
876,1.89,3.689,115.13,197.73,41.86,0.81,2.73,Healthy
877,1.348,2.211,85.75,158.58,16.84,0.79,2.15,Healthy
878,1.833,2.775,75.75,185.39,12.07,0.1,2.5,Healthy
879,2.182,2.623,71.23,164.84,28.14,1.34,2.14,Healthy
880,3.114,2.864,93.34,179.22,41.05,0.9,2.71,Healthy
881,1.741,3.228,115.43,191.64,36.34,1.1,1.54,Healthy
882,3.676,6.522,73.44,154.36,57.0,4.91,4.51,Track Misalignment
883,2.611,2.275,79.71,185.13,31.57,0.63,3.61,Healthy
884,3.136,3.149,40.91,145.3,34.37,1.9,11.59,Ballast Degradation
885,1.162,3.293,57.96,165.7,51.03,1.39,0.51,Healthy
886,4.24,5.597,83.3,272.04,39.6,1.69,3.28,Fastener Displacement
887,1.936,2.878,85.34,176.88,34.64,0.7,2.94,Healthy
888,4.045,6.44,102.43,140.74,52.85,4.58,2.12,Track Misalignment
889,4.269,5.013,80.07,162.08,-5.82,6.71,2.52,Track Misalignment
890,2.513,3.537,52.52,138.94,30.96,1.83,19.47,Ballast Degradation
891,2.098,3.463,88.76,148.74,42.68,1.41,1.86,Healthy
892,3.329,2.768,68.9,177.24,27.98,1.28,21.87,Ballast Degradation
893,1.492,1.906,94.53,180.06,28.95,0.9,2.71,Healthy
894,4.116,4.648,81.39,262.49,28.48,2.75,3.33,Fastener Displacement
895,6.177,8.013,162.34,135.23,35.43,1.75,3.27,Rail Fracture
896,1.747,2.739,93.88,144.16,29.72,0.74,2.01,Healthy
897,2.289,3.817,80.03,191.46,18.0,0.31,1.16,Healthy
898,2.541,2.579,77.85,160.25,39.3,0.63,1.91,Healthy
899,5.168,6.964,86.36,216.25,46.6,2.21,4.06,Fastener Displacement
900,1.854,3.669,95.53,193.84,25.71,0.91,1.2,Healthy
901,2.979,3.197,66.9,159.48,23.45,1.88,17.52,Ballast Degradation
902,1.414,2.453,52.91,195.98,37.04,0.79,0.09,Healthy
903,1.999,4.379,74.52,184.0,27.72,0.82,3.84,Healthy
904,3.592,3.993,61.35,189.01,25.46,2.19,11.18,Ballast Degradation
905,5.012,8.404,176.65,128.05,14.01,1.7,1.23,Rail Fracture
906,0.781,2.773,91.38,201.09,51.55,0.32,2.12,Healthy
907,3.732,6.331,90.26,168.65,48.19,7.01,3.77,Track Misalignment
908,5.047,5.664,102.0,301.25,24.76,2.62,2.89,Fastener Displacement
909,2.791,2.686,83.67,137.43,31.1,0.28,3.32,Healthy
910,2.808,2.93,83.64,140.01,35.25,1.74,9.07,Ballast Degradation
911,5.432,9.523,196.34,155.9,16.45,2.32,0.31,Rail Fracture
912,2.965,1.301,68.8,197.35,46.57,1.65,18.64,Ballast Degradation
913,4.622,9.447,212.33,175.14,28.8,0.93,4.75,Rail Fracture
914,2.651,4.024,56.85,177.1,31.67,0.44,2.79,Healthy
915,3.371,5.333,77.5,163.43,21.83,6.2,3.04,Track Misalignment
916,3.513,2.875,78.17,137.77,40.82,2.19,17.29,Ballast Degradation
917,1.313,2.001,93.48,200.75,35.09,1.15,0.3,Healthy
918,2.579,6.67,61.79,136.89,38.65,6.61,2.33,Track Misalignment
919,2.254,3.429,98.41,171.87,20.15,1.04,2.5,Healthy
920,1.867,2.517,98.33,133.8,22.07,0.68,4.28,Healthy
921,1.262,3.946,105.24,139.17,5.26,0.77,3.73,Healthy
922,1.608,4.226,51.58,156.9,28.41,1.2,3.93,Healthy
923,4.246,5.678,92.64,186.24,10.26,3.07,2.3,Fastener Displacement
924,4.553,3.703,50.27,158.51,36.95,1.4,22.66,Ballast Degradation
925,4.892,9.407,137.09,151.87,38.07,1.66,0.13,Rail Fracture
926,1.551,2.232,96.05,105.23,28.07,1.3,2.51,Healthy
927,1.261,1.879,106.56,167.23,34.14,0.41,2.61,Healthy
928,5.409,7.057,92.26,242.32,5.13,2.21,4.21,Fastener Displacement
929,3.359,6.258,75.59,152.38,37.53,5.09,4.84,Track Misalignment
930,3.611,6.848,95.33,166.1,59.48,5.76,3.79,Track Misalignment
931,1.554,2.605,93.42,192.13,20.31,0.62,2.61,Healthy
932,2.384,5.405,91.29,148.83,18.74,0.69,1.47,Healthy
933,2.203,2.676,114.77,148.82,31.69,1.02,3.48,Healthy
934,5.884,8.445,169.42,185.2,42.95,1.93,0.66,Rail Fracture
935,3.329,4.452,68.89,153.53,27.58,4.2,1.69,Track Misalignment
936,3.967,2.596,47.59,127.5,15.71,1.05,16.29,Ballast Degradation
937,4.658,7.017,84.29,251.79,38.04,2.27,2.67,Fastener Displacement
938,1.947,3.381,97.47,175.5,29.66,1.13,1.54,Healthy
939,4.509,8.199,145.37,173.75,11.32,1.08,3.02,Rail Fracture
940,4.189,5.432,72.79,154.92,40.01,6.55,2.3,Track Misalignment
941,4.628,7.567,58.12,248.75,44.92,2.77,2.04,Fastener Displacement
942,1.513,3.296,92.06,169.42,34.22,1.39,1.81,Healthy
943,3.059,3.776,74.94,158.55,51.27,1.75,14.56,Ballast Degradation
944,2.092,2.645,120.37,170.14,32.32,1.22,2.1,Healthy
945,1.25,2.682,100.74,199.54,24.49,0.49,3.12,Healthy
946,4.671,6.64,76.84,189.58,18.69,2.05,0.45,Fastener Displacement
947,2.996,2.259,74.79,143.87,29.6,2.31,10.4,Ballast Degradation
948,4.137,5.426,97.95,191.44,17.47,6.35,0.93,Track Misalignment
949,1.985,3.146,71.2,159.85,24.52,0.37,1.6,Healthy
950,4.913,7.305,86.81,285.07,8.69,2.1,2.51,Fastener Displacement
951,2.276,1.685,96.65,164.49,27.64,0.72,2.32,Healthy
952,4.354,3.854,59.22,178.86,40.41,1.66,9.35,Ballast Degradation
953,6.39,9.0,165.98,216.75,16.08,1.1,2.44,Rail Fracture
954,3.124,2.778,72.02,161.03,22.39,0.78,11.23,Ballast Degradation
955,5.018,5.189,69.48,261.38,32.97,2.0,2.72,Fastener Displacement
956,2.472,2.356,93.62,162.49,22.63,0.93,2.43,Healthy
957,3.134,2.909,61.86,155.92,18.65,1.74,19.41,Ballast Degradation
958,3.688,3.445,30.2,182.54,12.39,1.12,21.77,Ballast Degradation
959,6.143,7.028,150.05,168.41,27.82,1.62,0.37,Rail Fracture
960,2.074,2.851,75.09,154.65,31.3,0.53,2.51,Healthy
961,4.06,8.267,91.23,209.19,34.6,2.0,2.02,Fastener Displacement
962,1.744,5.071,75.06,119.49,15.4,1.07,3.97,Healthy
963,4.531,6.252,82.16,159.27,34.99,7.76,2.94,Track Misalignment
964,1.461,3.609,93.1,171.01,34.2,1.11,3.29,Healthy
965,1.688,3.27,83.99,158.22,62.47,0.26,3.55,Healthy
966,3.895,8.996,70.56,246.56,32.81,2.25,3.47,Fastener Displacement
967,2.777,7.175,62.05,142.17,37.55,4.52,0.83,Track Misalignment
968,2.32,3.324,72.6,157.83,30.5,1.06,1.21,Healthy
969,1.658,2.994,67.6,136.44,23.38,0.46,2.04,Healthy
970,4.488,5.107,95.43,239.51,23.17,1.74,3.59,Fastener Displacement
971,4.892,5.699,72.08,232.12,23.92,2.19,3.01,Fastener Displacement
972,1.81,3.418,79.77,200.87,37.45,0.89,2.64,Healthy
973,2.929,6.949,82.21,134.06,24.73,5.42,3.22,Track Misalignment
974,1.879,2.088,79.17,221.63,41.56,0.71,1.83,Healthy
975,2.059,2.707,92.95,144.02,22.46,0.93,1.21,Healthy
976,3.717,4.149,86.64,127.93,40.63,7.67,4.54,Track Misalignment
977,6.434,8.983,158.69,185.54,29.86,1.83,2.46,Rail Fracture
978,1.795,1.019,94.52,167.22,34.1,0.66,1.87,Healthy
979,3.239,6.457,81.53,185.88,32.13,4.91,2.72,Track Misalignment
980,1.092,2.877,109.14,162.42,40.08,1.62,2.94,Healthy
981,1.718,3.0,75.51,152.72,43.84,1.16,0.69,Healthy
982,3.653,6.97,102.15,307.48,27.88,1.88,3.15,Fastener Displacement
983,1.918,3.89,85.08,137.4,30.16,0.07,1.17,Healthy
984,1.889,3.646,55.5,159.67,27.77,1.13,3.24,Healthy
985,2.694,2.742,105.03,142.03,21.11,1.06,0.84,Healthy
986,2.046,3.75,84.11,166.23,38.6,0.57,1.72,Healthy
987,1.987,2.715,83.76,200.08,28.13,0.63,0.62,Healthy
988,2.296,3.585,86.62,186.03,41.04,1.19,3.58,Healthy
989,3.883,4.096,94.96,182.17,50.27,4.99,4.64,Track Misalignment
990,4.647,7.571,160.57,175.38,31.93,2.29,0.5,Rail Fracture
991,5.635,7.004,202.25,164.93,24.39,1.29,1.28,Rail Fracture
992,2.969,3.354,81.96,140.13,18.84,1.63,11.09,Ballast Degradation
993,4.982,7.008,118.78,164.17,27.89,2.99,2.13,Fastener Displacement
994,6.035,9.195,173.34,185.97,40.19,2.39,1.26,Rail Fracture
995,5.508,8.731,162.69,195.13,31.16,1.68,2.53,Rail Fracture
996,1.865,3.831,93.69,187.93,39.82,1.64,1.85,Healthy
997,5.058,6.544,84.08,267.04,27.16,2.57,3.15,Fastener Displacement
998,3.046,5.845,59.75,183.52,19.41,7.0,3.21,Track Misalignment
999,4.859,9.726,159.45,119.92,41.91,1.57,0.57,Rail Fracture
1000,2.039,2.147,85.62,162.06,16.62,1.79,1.96,Healthy
1001,7.037,8.691,178.19,138.57,35.35,0.92,3.49,Rail Fracture
1002,2.684,3.506,94.67,137.95,51.69,0.52,4.41,Healthy
1003,2.231,3.722,38.76,160.71,45.12,1.12,1.16,Healthy
1004,0.859,3.289,56.75,189.87,46.01,0.63,3.07,Healthy
1005,2.109,2.197,94.34,128.89,12.87,0.76,2.27,Healthy
1006,1.708,4.32,87.41,170.12,35.17,1.15,3.13,Healthy
1007,2.331,1.723,58.2,163.33,30.83,1.0,2.52,Healthy
1008,3.985,6.601,64.88,224.26,12.34,2.42,0.88,Fastener Displacement
1009,4.201,6.042,164.09,167.59,39.16,1.87,3.16,Rail Fracture
1010,2.725,5.993,83.23,232.42,18.2,7.01,0.93,Track Misalignment
1011,2.917,2.699,39.07,150.65,28.8,1.67,20.72,Ballast Degradation
1012,2.336,3.922,82.18,142.49,32.82,0.92,2.15,Healthy
1013,4.557,6.499,79.81,128.61,38.02,6.07,2.74,Track Misalignment
1014,2.287,3.082,55.34,193.1,37.52,0.38,1.63,Healthy
1015,4.458,7.24,97.38,176.08,21.53,1.51,1.51,Fastener Displacement
1016,3.375,1.906,66.19,196.57,21.5,1.7,12.48,Ballast Degradation
1017,1.943,2.971,107.91,152.92,18.43,0.89,3.68,Healthy
1018,5.298,4.012,84.12,244.94,19.42,2.13,2.07,Fastener Displacement
1019,4.34,6.137,77.41,292.67,53.73,2.64,1.47,Fastener Displacement
1020,4.867,9.105,147.83,179.18,30.14,2.35,2.76,Rail Fracture
1021,2.256,2.434,65.14,142.51,36.12,0.77,0.15,Healthy
1022,5.574,10.478,158.46,187.95,41.75,1.96,0.55,Rail Fracture
1023,2.003,2.807,94.8,188.65,32.04,0.72,3.07,Healthy
1024,2.861,6.269,103.9,188.85,31.15,4.49,2.34,Track Misalignment
1025,1.532,2.103,103.34,143.67,33.0,1.13,3.51,Healthy
1026,3.678,6.326,105.6,174.35,12.79,3.87,3.27,Track Misalignment
1027,3.859,5.216,87.64,184.78,16.81,3.71,3.41,Track Misalignment
1028,2.346,3.606,82.1,173.81,41.2,0.52,1.72,Healthy
1029,4.367,2.184,70.7,159.63,37.6,1.39,19.94,Ballast Degradation
1030,2.232,3.224,93.99,177.12,55.96,0.54,0.72,Healthy
1031,5.862,9.695,178.31,192.56,49.94,2.43,4.86,Rail Fracture
1032,2.234,2.928,82.14,139.02,32.88,1.15,2.52,Healthy
1033,3.262,6.106,90.89,172.56,24.19,5.47,2.96,Track Misalignment
1034,7.067,11.5,208.66,168.0,36.95,1.03,1.27,Rail Fracture
1035,1.302,2.846,111.89,167.89,26.79,0.18,4.02,Healthy
1036,1.209,2.353,65.84,162.1,35.28,0.62,3.35,Healthy
1037,2.478,2.75,130.68,152.58,23.06,0.44,2.27,Healthy
1038,3.249,1.666,67.58,135.27,28.81,1.86,22.98,Ballast Degradation
1039,5.23,4.89,118.74,235.1,21.89,2.46,1.62,Fastener Displacement
1040,2.555,3.966,92.95,163.18,41.74,0.4,0.47,Healthy
1041,3.693,5.225,86.79,170.46,43.32,7.36,2.71,Track Misalignment
1042,7.295,8.89,164.46,149.48,44.22,1.96,3.34,Rail Fracture
1043,3.523,2.367,54.1,163.83,13.85,1.51,17.21,Ballast Degradation
1044,1.973,2.687,73.4,188.79,9.85,0.73,1.98,Healthy
1045,1.346,2.65,83.46,188.54,36.65,0.39,1.96,Healthy
1046,1.46,2.945,84.86,156.51,62.65,0.66,2.99,Healthy
1047,4.055,3.61,64.5,163.8,23.15,0.84,12.07,Ballast Degradation
1048,2.738,2.901,82.55,137.98,15.02,0.74,2.9,Healthy
1049,1.783,3.014,57.44,175.12,34.78,1.49,2.51,Healthy
1050,3.574,4.438,91.52,165.59,19.14,6.57,2.79,Track Misalignment
1051,2.12,2.43,87.93,191.56,38.83,1.06,1.99,Healthy
1052,1.947,2.964,102.52,113.36,33.34,0.77,0.99,Healthy
1053,2.537,2.75,99.31,187.22,39.32,1.83,14.71,Ballast Degradation
1054,3.586,5.798,91.43,159.08,38.84,4.61,1.83,Track Misalignment
1055,2.509,2.804,105.59,204.24,24.87,0.22,3.65,Healthy
1056,3.271,2.588,65.64,193.54,34.76,1.93,15.18,Ballast Degradation
1057,3.869,7.651,93.76,235.91,20.52,1.91,2.23,Fastener Displacement
1058,5.843,6.923,188.79,133.94,38.32,2.09,1.78,Rail Fracture
1059,2.034,3.469,91.03,164.22,29.17,1.09,3.78,Healthy
1060,1.467,3.913,79.63,148.39,31.14,1.09,3.09,Healthy
1061,4.403,6.12,76.41,149.42,37.51,5.5,0.99,Track Misalignment
1062,2.992,2.51,50.92,154.29,52.48,1.31,15.09,Ballast Degradation
1063,2.023,2.936,86.53,200.7,12.16,1.62,18.77,Ballast Degradation
1064,2.717,2.989,91.0,148.48,17.92,0.59,4.91,Healthy
1065,2.124,2.317,98.67,135.13,15.76,0.6,4.65,Healthy
1066,6.529,8.719,145.86,166.72,34.78,2.27,3.5,Rail Fracture
1067,4.294,5.876,86.03,182.48,15.73,4.35,2.2,Track Misalignment
1068,4.117,7.701,89.53,153.22,34.47,4.58,3.81,Track Misalignment
1069,2.387,7.649,93.95,151.02,20.79,7.34,1.27,Track Misalignment
1070,4.355,3.731,61.05,187.45,25.62,0.99,19.53,Ballast Degradation
1071,4.679,5.488,65.68,147.59,41.42,5.61,1.7,Track Misalignment
1072,4.09,6.031,81.38,153.73,43.17,6.09,3.64,Track Misalignment
1073,4.055,6.756,89.65,180.35,36.19,3.84,2.22,Track Misalignment
1074,1.792,2.771,65.16,201.55,27.05,1.14,2.8,Healthy
1075,3.613,2.449,52.9,203.03,34.25,2.35,16.71,Ballast Degradation
1076,3.734,4.814,80.13,161.19,56.23,3.8,3.05,Track Misalignment
1077,4.197,7.189,101.39,253.65,41.98,2.43,3.04,Fastener Displacement
1078,5.691,8.515,178.17,168.35,47.84,1.76,1.33,Rail Fracture
1079,2.514,3.785,68.29,202.94,9.63,1.39,20.93,Ballast Degradation
1080,3.259,2.922,80.7,160.27,22.0,1.76,22.58,Ballast Degradation
1081,5.718,9.534,181.93,157.82,22.83,2.32,1.89,Rail Fracture
1082,2.367,1.368,76.61,161.23,52.17,0.39,3.24,Healthy
1083,1.675,2.739,87.12,132.41,27.99,1.25,3.07,Healthy
1084,4.138,6.845,96.59,152.76,49.88,4.75,3.24,Track Misalignment
1085,4.97,9.157,195.34,177.68,25.56,1.63,2.83,Rail Fracture
1086,5.124,5.646,83.52,244.42,43.7,2.84,2.97,Fastener Displacement
1087,2.228,3.475,66.32,144.69,50.02,0.9,1.86,Healthy
1088,2.489,3.654,63.01,200.95,43.63,0.75,1.19,Healthy
1089,3.525,5.843,92.15,132.93,30.45,5.14,2.52,Track Misalignment
1090,4.102,5.681,103.81,146.34,34.79,4.55,4.02,Track Misalignment
1091,0.956,3.582,79.38,159.25,42.14,1.29,3.09,Healthy
1092,4.729,9.32,191.25,136.72,43.52,1.16,1.86,Rail Fracture
1093,1.691,2.671,65.84,180.51,30.25,0.11,2.61,Healthy
1094,4.145,5.585,79.41,208.7,33.07,7.77,1.91,Track Misalignment
1095,3.436,3.875,47.36,180.8,49.69,1.97,15.96,Ballast Degradation
1096,2.527,2.287,79.65,189.85,27.09,1.21,16.19,Ballast Degradation
1097,5.782,8.29,183.96,176.54,38.04,1.55,2.91,Rail Fracture
1098,1.804,3.133,83.17,140.28,20.57,0.07,0.93,Healthy
1099,4.496,4.258,42.15,168.3,16.89,1.38,18.35,Ballast Degradation
1100,2.016,2.234,64.83,132.02,40.14,0.68,0.44,Healthy
1101,2.402,4.162,52.59,179.99,44.98,1.21,15.43,Ballast Degradation
1102,3.035,3.245,83.54,179.71,36.84,2.22,22.5,Ballast Degradation
1103,4.72,10.3,166.18,138.43,38.51,2.41,0.71,Rail Fracture
1104,3.516,6.882,59.25,166.59,33.71,6.13,1.14,Track Misalignment
1105,2.012,2.611,77.23,152.61,27.79,0.36,2.22,Healthy
1106,1.659,3.109,88.6,152.75,31.41,1.56,4.83,Healthy
1107,3.618,4.242,100.86,156.23,35.64,7.13,2.49,Track Misalignment
1108,3.592,7.972,76.19,223.22,21.03,1.52,2.03,Fastener Displacement
1109,4.492,4.436,78.12,159.84,49.35,5.96,1.71,Track Misalignment
1110,4.325,5.644,120.96,163.37,30.13,5.95,3.27,Track Misalignment
1111,2.158,3.144,87.09,149.97,46.08,1.52,1.28,Healthy
1112,0.705,3.468,56.95,153.45,18.56,0.72,3.42,Healthy
1113,3.499,2.641,98.2,174.5,20.05,1.15,15.72,Ballast Degradation
1114,4.232,5.127,105.84,208.38,31.86,2.76,4.94,Fastener Displacement
1115,2.665,6.567,98.32,147.39,33.0,6.4,1.59,Track Misalignment
1116,4.183,7.364,111.18,273.53,45.39,1.98,2.36,Fastener Displacement
1117,1.852,2.31,111.63,178.9,36.75,0.66,2.54,Healthy
1118,2.622,3.28,96.02,147.79,16.87,0.83,0.58,Healthy
1119,1.771,3.344,114.74,122.22,58.02,0.72,2.88,Healthy
1120,2.449,3.029,84.08,122.38,33.81,1.1,2.24,Healthy
1121,2.51,2.551,108.93,166.0,33.55,0.83,2.58,Healthy
1122,1.917,2.045,109.4,199.89,42.37,0.72,1.39,Healthy
1123,5.252,6.787,49.67,274.66,49.51,2.52,3.64,Fastener Displacement
1124,3.633,6.325,70.54,142.96,53.22,6.57,2.5,Track Misalignment
1125,1.312,3.325,93.09,176.61,51.07,1.51,2.24,Healthy
1126,4.662,7.3,175.02,179.77,35.39,1.31,1.99,Rail Fracture
1127,3.139,2.596,88.28,161.38,33.33,1.2,12.85,Ballast Degradation
1128,4.213,5.404,106.36,153.22,48.52,4.97,1.49,Track Misalignment
1129,4.808,5.956,66.38,162.36,33.03,6.82,2.84,Track Misalignment
1130,1.998,3.152,101.65,170.98,17.57,0.6,2.68,Healthy
1131,2.584,4.242,86.96,181.79,17.0,0.95,1.32,Healthy
1132,3.363,3.212,72.04,173.97,27.31,0.46,4.81,Healthy
1133,5.925,7.596,180.98,198.93,36.37,0.4,5.16,Rail Fracture
1134,1.809,2.139,89.2,196.5,25.87,0.55,3.84,Healthy
1135,1.815,2.739,84.03,130.38,27.07,0.88,2.75,Healthy
1136,2.828,4.059,98.72,161.73,26.15,0.81,3.14,Healthy
1137,2.28,2.915,96.8,192.74,42.68,0.79,1.58,Healthy
1138,1.693,3.18,92.8,133.88,27.46,0.89,1.51,Healthy
1139,1.862,2.494,85.8,173.63,23.67,0.72,3.01,Healthy
1140,1.254,1.924,78.73,135.99,29.18,1.38,0.98,Healthy
1141,2.96,3.286,79.48,161.55,37.72,1.39,1.92,Healthy
1142,4.774,7.321,63.91,243.23,23.0,2.69,1.94,Fastener Displacement
1143,3.047,6.233,98.98,162.17,68.19,6.82,3.78,Track Misalignment
1144,3.731,2.785,74.4,152.52,36.6,1.74,11.73,Ballast Degradation
1145,1.858,2.389,89.95,158.46,29.99,0.77,3.11,Healthy
1146,6.398,7.323,134.25,151.72,20.34,2.15,2.01,Rail Fracture
1147,3.388,4.945,69.85,192.31,33.67,1.93,0.93,Fastener Displacement
1148,2.983,2.789,69.31,131.25,52.31,1.42,1.48,Healthy
1149,1.854,3.857,65.69,121.73,56.84,0.91,3.0,Healthy
1150,2.21,1.94,72.39,167.31,8.02,0.69,2.1,Healthy
1151,1.752,2.303,57.67,168.18,29.7,0.32,2.57,Healthy
1152,3.883,4.753,52.65,180.02,19.44,7.77,1.61,Track Misalignment
1153,6.458,10.361,158.4,158.01,30.53,2.31,1.94,Rail Fracture
1154,2.373,1.807,60.79,114.77,41.65,1.04,3.49,Healthy
1155,3.726,4.749,106.66,202.26,41.73,5.02,3.97,Track Misalignment
1156,4.195,5.077,100.38,176.96,48.73,5.6,4.59,Track Misalignment
1157,2.102,2.829,73.11,134.73,45.46,1.08,3.99,Healthy
1158,2.644,4.866,91.97,156.87,26.85,6.07,3.54,Track Misalignment
1159,3.032,5.001,47.08,130.5,29.45,5.47,0.52,Track Misalignment
1160,3.269,2.764,62.09,166.81,25.76,2.25,18.92,Ballast Degradation
1161,2.539,2.854,89.18,145.65,32.68,0.32,2.61,Healthy
1162,2.144,2.367,79.87,176.82,30.67,0.7,4.59,Healthy
1163,4.493,5.386,94.82,180.58,27.39,4.65,0.33,Track Misalignment
1164,1.336,2.836,67.79,163.28,27.49,0.38,1.78,Healthy
1165,2.615,3.758,52.92,116.55,26.14,1.86,13.86,Ballast Degradation
1166,6.367,9.428,193.41,147.3,43.73,1.45,2.66,Rail Fracture
1167,2.208,2.657,71.05,169.02,21.67,1.18,2.37,Healthy
1168,2.208,2.947,60.13,141.65,44.63,0.83,0.65,Healthy
1169,1.748,2.388,67.83,187.0,11.38,0.51,2.63,Healthy
1170,6.579,8.531,218.93,135.19,35.92,2.28,1.53,Rail Fracture
1171,1.815,3.805,84.34,192.48,38.58,0.76,3.37,Healthy
1172,2.212,1.395,70.26,195.45,19.18,1.11,3.28,Healthy
1173,1.102,2.602,116.17,146.01,24.26,0.45,3.84,Healthy
1174,1.718,3.989,93.69,144.78,19.54,1.21,2.52,Healthy
1175,2.346,2.219,48.14,119.99,20.91,1.6,21.91,Ballast Degradation
1176,2.18,3.196,86.84,225.86,43.02,0.42,2.91,Healthy
1177,3.839,4.482,68.38,269.33,43.97,2.04,3.44,Fastener Displacement
1178,5.038,7.02,178.95,164.55,33.83,1.81,2.39,Rail Fracture
1179,1.732,3.51,89.62,193.81,27.23,0.87,2.39,Healthy
1180,5.775,10.351,185.74,193.27,32.89,1.5,3.37,Rail Fracture
1181,1.781,3.076,90.7,152.68,47.66,1.0,1.52,Healthy
1182,5.759,9.132,174.74,197.73,53.07,1.89,3.95,Rail Fracture
1183,1.666,3.512,106.88,160.46,29.55,0.97,1.79,Healthy
1184,2.516,2.684,85.28,151.58,47.04,1.1,2.24,Healthy
1185,3.523,6.105,87.83,167.4,35.33,6.2,2.45,Track Misalignment
1186,3.571,5.454,78.84,165.17,32.95,4.44,2.98,Track Misalignment
1187,5.679,7.133,186.67,256.33,46.14,1.7,3.08,Rail Fracture
1188,6.49,9.326,198.07,164.66,20.62,1.66,1.82,Rail Fracture
1189,2.936,2.792,86.88,143.42,37.69,1.26,13.54,Ballast Degradation
1190,1.299,3.057,83.62,135.98,46.67,1.17,1.35,Healthy
1191,1.899,2.19,57.0,150.25,29.08,0.3,2.69,Healthy
1192,4.491,6.158,57.39,180.75,34.61,5.71,4.63,Track Misalignment
1193,5.089,5.937,63.7,214.2,19.29,2.62,2.05,Fastener Displacement
1194,3.639,2.949,56.66,148.93,28.66,2.27,11.24,Ballast Degradation
1195,6.309,8.401,206.61,195.96,31.5,1.46,2.55,Rail Fracture
1196,4.477,5.723,56.6,249.25,26.81,2.22,4.57,Fastener Displacement
1197,1.671,2.442,95.03,164.92,35.42,0.71,1.84,Healthy
1198,1.505,3.48,92.86,130.26,23.86,0.57,3.12,Healthy
1199,3.502,1.98,99.53,166.57,38.49,1.29,19.61,Ballast Degradation
1200,1.713,2.31,85.53,108.5,29.53,0.77,1.0,Healthy
1201,2.794,2.834,60.58,163.21,47.39,2.43,18.34,Ballast Degradation
1202,2.065,3.245,57.68,171.43,16.02,0.23,2.71,Healthy
1203,1.997,3.097,87.75,145.11,42.89,0.77,2.99,Healthy
1204,4.629,6.916,99.55,224.42,27.0,2.16,1.78,Fastener Displacement
1205,1.901,3.739,75.83,152.35,23.69,0.4,3.08,Healthy
1206,2.025,3.892,104.98,128.78,40.13,0.88,1.99,Healthy
1207,1.223,4.024,92.72,145.97,26.56,0.2,2.15,Healthy
1208,4.713,10.258,218.46,164.4,29.64,2.22,2.48,Rail Fracture
1209,5.833,7.494,184.34,165.08,61.08,1.28,2.86,Rail Fracture
1210,2.633,5.561,77.9,160.83,17.34,7.06,2.19,Track Misalignment
1211,2.379,3.332,52.05,180.3,31.89,0.68,2.38,Healthy
1212,4.186,6.037,80.71,222.6,44.81,2.38,4.1,Fastener Displacement
1213,1.668,3.84,74.81,145.19,35.57,0.56,2.51,Healthy
1214,4.211,5.077,88.08,127.75,37.31,5.49,3.48,Track Misalignment
1215,6.399,7.262,210.96,156.72,51.12,2.03,3.46,Rail Fracture
1216,5.942,7.925,214.38,212.39,47.09,1.97,2.75,Rail Fracture
1217,7.022,11.543,173.84,159.25,27.48,1.95,3.71,Rail Fracture
1218,1.956,3.402,79.94,125.5,30.35,0.71,0.75,Healthy
1219,1.07,2.757,88.65,167.13,28.48,0.77,1.64,Healthy
1220,5.119,4.536,89.02,254.49,31.17,3.51,2.35,Fastener Displacement
1221,1.744,2.623,70.23,126.48,27.91,1.11,2.72,Healthy
1222,4.838,8.145,113.24,221.47,33.69,1.87,4.2,Fastener Displacement
1223,3.973,2.867,66.28,132.27,34.79,1.49,19.81,Ballast Degradation
1224,4.275,10.854,199.95,178.95,33.22,1.36,2.76,Rail Fracture
1225,1.935,3.528,58.2,125.82,43.1,1.33,1.11,Healthy
1226,1.82,2.817,89.58,136.56,20.82,0.69,2.34,Healthy
1227,5.768,5.536,78.67,252.63,31.58,2.3,1.47,Fastener Displacement
1228,6.221,9.526,183.21,186.24,26.05,1.74,2.53,Rail Fracture
1229,1.943,3.255,58.15,163.82,20.66,0.88,2.48,Healthy
1230,2.48,3.321,97.91,157.29,64.05,0.37,1.92,Healthy
1231,2.339,3.341,95.13,119.16,50.48,0.73,3.87,Healthy
1232,2.115,2.606,93.58,171.98,37.03,0.43,2.44,Healthy
1233,5.844,11.476,162.34,136.92,34.18,3.09,4.31,Rail Fracture
1234,3.847,4.716,81.0,177.15,20.37,6.06,2.44,Track Misalignment
1235,1.743,4.501,74.72,117.59,26.6,0.96,3.36,Healthy
1236,5.611,7.747,142.24,200.73,28.95,1.25,2.04,Rail Fracture
1237,1.43,1.877,88.14,166.6,26.9,0.64,2.93,Healthy
1238,1.649,3.062,99.37,147.93,32.83,0.79,1.06,Healthy
1239,2.014,3.389,67.2,165.22,48.2,1.53,3.91,Healthy
1240,5.001,6.437,89.26,232.18,14.15,2.46,3.29,Fastener Displacement
1241,3.033,3.058,91.49,168.12,33.47,1.24,13.8,Ballast Degradation
1242,2.049,3.409,81.82,120.82,39.49,0.84,1.41,Healthy
1243,1.371,3.732,84.14,115.08,34.96,0.66,1.89,Healthy
1244,3.617,4.857,57.15,192.99,30.31,6.78,1.26,Track Misalignment
1245,3.292,4.041,75.7,165.19,35.59,6.76,2.4,Track Misalignment
1246,1.526,3.183,76.82,138.23,47.57,1.12,0.37,Healthy
1247,2.267,2.801,107.51,178.56,36.29,0.44,3.04,Healthy
1248,2.587,3.295,72.63,182.7,57.66,0.72,3.11,Healthy
1249,2.038,1.945,84.99,165.96,52.79,0.17,2.19,Healthy
1250,3.384,2.88,61.57,144.48,12.92,1.54,20.04,Ballast Degradation
1251,1.762,2.257,86.29,188.48,34.41,0.59,2.36,Healthy
1252,3.917,6.718,71.0,206.08,28.49,2.86,3.7,Fastener Displacement
1253,2.042,3.375,76.05,195.01,32.98,0.5,2.25,Healthy
1254,3.126,3.665,50.46,148.16,40.26,1.57,17.95,Ballast Degradation
1255,2.85,2.741,93.01,165.54,33.26,0.74,1.56,Healthy
1256,1.87,2.367,100.21,167.18,30.49,1.27,0.48,Healthy
1257,3.159,3.148,61.19,144.69,47.45,2.34,21.22,Ballast Degradation
1258,1.673,1.351,79.59,205.66,25.78,1.08,3.82,Healthy
1259,5.297,6.148,74.26,253.25,33.67,2.56,2.65,Fastener Displacement
1260,3.263,5.742,79.09,255.81,46.45,2.56,3.84,Fastener Displacement
1261,3.037,3.839,60.02,196.37,33.14,1.65,20.65,Ballast Degradation
1262,3.45,3.215,63.06,177.04,41.4,0.99,14.06,Ballast Degradation
1263,4.838,5.714,56.08,260.8,34.75,2.29,2.01,Fastener Displacement
1264,1.792,3.13,87.33,173.51,38.49,0.68,2.7,Healthy
1265,3.337,5.766,87.25,177.41,18.84,4.58,1.3,Track Misalignment
1266,4.902,10.045,175.65,185.85,40.94,2.2,2.25,Rail Fracture
1267,2.27,3.829,90.97,204.47,25.24,0.16,3.29,Healthy
1268,1.877,1.761,71.51,131.95,28.22,0.66,2.6,Healthy
1269,2.305,1.864,94.12,167.46,31.92,0.79,2.73,Healthy
1270,4.807,9.209,157.13,142.34,32.32,1.57,0.6,Rail Fracture
1271,2.197,3.065,75.03,168.96,34.87,0.43,2.87,Healthy
1272,1.897,2.393,82.34,183.8,19.51,1.0,1.75,Healthy
1273,5.136,5.634,107.85,219.75,38.34,3.29,3.25,Fastener Displacement
1274,1.428,2.389,72.83,161.02,54.83,0.47,1.43,Healthy
1275,2.286,2.971,71.56,157.02,24.29,0.9,5.45,Healthy
1276,1.958,2.535,64.85,181.14,40.47,0.64,3.83,Healthy
1277,2.349,3.207,82.34,143.99,31.4,1.09,1.94,Healthy
1278,1.513,3.546,89.69,138.55,30.54,1.13,1.12,Healthy
1279,6.103,9.086,169.68,175.9,35.86,1.1,2.68,Rail Fracture
1280,2.026,3.763,93.7,163.69,26.09,0.63,0.88,Healthy
1281,2.066,4.201,92.92,145.97,17.17,0.73,3.39,Healthy
1282,4.804,5.45,95.76,193.73,50.65,1.48,3.37,Fastener Displacement
1283,4.737,5.889,106.12,230.14,51.85,2.1,3.69,Fastener Displacement
1284,2.186,3.606,84.65,100.23,51.46,0.7,1.59,Healthy
1285,1.849,2.606,73.94,149.99,38.83,1.51,3.4,Healthy
1286,2.919,3.073,78.19,150.49,28.32,1.99,22.26,Ballast Degradation
1287,3.35,2.811,70.69,174.17,35.83,1.42,19.52,Ballast Degradation
1288,1.912,3.804,103.03,195.37,38.04,1.63,1.82,Healthy
1289,4.283,6.914,80.2,183.58,48.7,3.9,2.32,Track Misalignment
1290,1.633,2.848,128.85,202.79,17.17,0.99,3.38,Healthy
1291,2.08,3.193,64.8,142.31,34.9,0.83,1.72,Healthy
1292,1.96,3.62,83.85,200.7,25.35,0.87,2.11,Healthy
1293,3.11,4.349,38.18,202.74,33.99,1.77,19.13,Ballast Degradation
1294,5.345,7.093,78.5,236.8,30.54,1.63,2.04,Fastener Displacement
1295,1.854,3.249,86.1,149.58,34.38,0.78,1.25,Healthy
1296,6.295,10.568,189.95,179.89,22.22,1.46,2.22,Rail Fracture
1297,5.795,6.667,77.33,196.22,31.17,2.38,1.61,Fastener Displacement
1298,1.911,2.596,100.38,128.13,20.43,0.71,3.99,Healthy
1299,3.443,3.019,76.7,130.14,41.1,1.41,21.15,Ballast Degradation
1300,3.377,6.485,73.65,157.74,12.26,6.01,3.63,Track Misalignment
1301,1.627,4.137,116.02,168.63,61.5,0.56,1.12,Healthy
1302,1.901,4.618,80.78,146.09,23.12,1.2,3.6,Healthy
1303,1.156,2.21,110.82,180.15,33.72,1.45,4.65,Healthy
1304,1.992,2.593,80.73,132.3,16.61,0.2,3.69,Healthy
1305,2.877,2.489,111.06,156.97,15.77,1.25,4.04,Healthy
1306,1.851,2.366,83.19,167.37,29.13,0.16,1.86,Healthy
1307,4.412,9.896,182.41,151.58,48.5,0.96,3.29,Rail Fracture
1308,6.22,10.124,211.55,212.8,36.06,1.07,3.78,Rail Fracture
1309,1.733,3.002,95.14,189.49,42.85,0.83,5.23,Healthy
1310,3.449,4.464,107.11,163.31,34.75,4.31,2.0,Track Misalignment
1311,2.153,2.702,63.12,130.99,66.29,1.32,3.97,Healthy
1312,4.425,5.274,65.32,152.05,47.59,6.27,1.43,Track Misalignment
1313,6.276,9.524,165.03,150.62,26.94,1.56,0.78,Rail Fracture
1314,3.224,4.328,109.69,177.14,12.42,7.33,1.68,Track Misalignment
1315,2.001,2.603,81.65,139.14,38.4,0.86,0.72,Healthy
1316,5.194,5.216,96.47,223.36,45.82,1.9,3.64,Fastener Displacement
1317,3.046,6.176,84.25,148.28,21.43,7.02,0.8,Track Misalignment
1318,1.978,1.95,85.07,206.63,50.13,0.9,1.24,Healthy
1319,2.755,3.895,79.91,169.31,29.67,1.89,18.46,Ballast Degradation
1320,2.638,4.34,86.72,159.1,26.4,0.8,1.89,Healthy
1321,2.186,2.716,82.16,160.92,29.51,0.65,3.34,Healthy
1322,2.708,3.095,94.15,180.95,25.21,0.48,1.36,Healthy
1323,2.315,2.591,94.12,112.91,28.76,1.21,2.31,Healthy
1324,4.721,5.322,173.28,188.26,26.59,1.37,0.06,Rail Fracture
1325,1.987,2.163,54.94,161.5,39.3,1.01,3.46,Healthy
1326,2.026,2.812,83.69,160.34,25.74,0.26,3.78,Healthy
1327,1.332,3.331,78.29,155.78,24.55,0.99,1.62,Healthy
1328,2.509,2.875,82.79,180.23,25.66,0.64,2.84,Healthy
1329,5.377,6.486,217.7,177.03,37.56,0.98,2.39,Rail Fracture
1330,3.274,2.752,52.67,141.15,35.2,1.26,12.33,Ballast Degradation
1331,1.832,2.66,89.9,198.33,34.59,1.2,3.18,Healthy
1332,2.881,2.855,65.52,177.02,41.72,1.51,13.56,Ballast Degradation
1333,3.703,4.04,87.98,171.61,18.38,7.6,1.13,Track Misalignment
1334,2.03,2.426,93.52,148.19,58.17,0.76,1.21,Healthy
1335,2.516,2.714,64.54,183.78,28.43,1.03,3.53,Healthy
1336,4.398,3.504,72.73,159.37,57.87,6.65,3.92,Track Misalignment
1337,2.672,2.829,83.33,182.04,14.7,0.82,1.29,Healthy
1338,1.736,2.553,88.38,169.87,30.58,0.93,1.54,Healthy
1339,2.736,2.661,49.9,159.69,53.58,1.52,11.9,Ballast Degradation
1340,1.734,3.979,69.26,158.56,48.4,0.86,5.0,Healthy
1341,2.156,2.812,88.86,206.91,16.35,0.23,1.62,Healthy
1342,1.276,3.418,92.9,209.32,44.5,0.93,4.0,Healthy
1343,4.064,6.569,76.46,263.64,34.93,1.58,2.26,Fastener Displacement
1344,1.182,3.481,71.96,184.07,48.37,0.26,3.11,Healthy
1345,2.459,1.533,72.2,136.84,38.76,0.94,0.47,Healthy
1346,3.981,6.183,87.19,156.97,21.35,4.04,2.56,Track Misalignment
1347,1.831,1.989,92.16,167.78,38.47,0.36,4.47,Healthy
1348,1.87,2.345,101.16,140.76,57.88,0.59,4.39,Healthy
1349,5.723,7.334,85.28,250.2,40.28,2.35,1.96,Fastener Displacement
1350,2.093,3.059,73.18,159.26,34.59,0.76,4.23,Healthy
1351,2.13,2.466,72.64,208.42,21.89,0.84,2.9,Healthy
1352,1.549,2.451,76.8,149.39,47.6,0.8,1.92,Healthy
1353,2.301,2.759,98.53,137.03,45.88,0.8,2.45,Healthy
1354,1.447,1.833,73.56,177.93,22.43,0.26,1.5,Healthy
1355,6.308,7.208,180.63,192.48,55.06,1.64,1.56,Rail Fracture
1356,5.381,8.808,153.65,162.86,29.64,1.58,4.12,Rail Fracture
1357,3.395,2.105,61.47,169.53,37.24,2.29,22.27,Ballast Degradation
1358,2.584,5.224,65.22,148.94,33.15,5.3,3.76,Track Misalignment
1359,4.695,4.404,74.79,175.45,36.89,7.37,3.32,Track Misalignment
1360,1.762,2.617,87.4,160.51,20.4,0.31,3.1,Healthy
1361,4.234,7.055,75.72,249.94,60.92,2.26,2.18,Fastener Displacement
1362,1.356,2.191,91.67,163.03,40.61,0.83,3.56,Healthy
1363,3.906,1.537,45.43,156.98,44.88,2.49,18.82,Ballast Degradation
1364,3.599,4.474,84.24,142.38,35.55,2.07,20.51,Ballast Degradation
1365,1.965,3.123,56.86,168.72,31.94,0.35,2.13,Healthy
1366,2.869,3.154,100.54,162.41,12.39,1.04,1.78,Healthy
1367,1.526,3.051,100.98,185.52,50.45,1.4,0.25,Healthy
1368,1.186,3.442,74.6,154.24,30.62,0.93,0.87,Healthy
1369,3.389,3.839,68.0,147.58,9.37,1.96,21.64,Ballast Degradation
1370,1.456,3.13,81.3,213.88,14.25,0.86,2.69,Healthy
1371,2.043,3.539,86.45,195.46,9.05,0.51,4.12,Healthy
1372,2.243,3.863,56.25,182.5,44.71,0.57,5.39,Healthy
1373,5.014,11.186,163.49,190.63,39.03,1.74,4.15,Rail Fracture
1374,1.85,3.026,69.01,115.88,35.63,0.1,1.41,Healthy
1375,3.617,5.063,60.27,262.28,30.55,2.54,1.05,Fastener Displacement
1376,3.716,5.392,73.65,162.85,24.46,6.28,2.58,Track Misalignment
1377,4.858,7.461,97.09,194.92,28.3,4.84,4.38,Track Misalignment
1378,2.404,3.286,58.89,170.91,35.32,0.93,3.13,Healthy
1379,5.993,10.521,190.68,214.34,43.07,1.81,2.98,Rail Fracture
1380,3.785,4.054,82.18,152.97,39.35,6.64,1.38,Track Misalignment
1381,1.984,3.492,76.34,167.86,31.07,0.29,2.64,Healthy
1382,1.891,3.255,104.09,146.33,29.3,0.53,1.59,Healthy
1383,6.143,10.088,185.61,141.75,47.24,2.6,1.51,Rail Fracture
1384,2.245,3.131,79.94,120.43,38.8,0.67,3.36,Healthy
1385,1.844,3.716,88.07,168.6,31.48,1.39,1.72,Healthy
1386,1.443,3.509,76.27,154.66,27.31,0.82,1.12,Healthy
1387,5.318,7.488,192.18,199.29,31.19,2.02,2.47,Rail Fracture
1388,2.241,2.639,89.93,186.36,32.06,1.72,1.93,Healthy
1389,4.685,6.251,78.63,187.4,34.59,5.62,0.7,Track Misalignment
1390,5.512,7.994,176.55,154.79,56.99,2.19,1.43,Rail Fracture
1391,3.599,2.599,70.31,173.14,32.15,1.43,13.72,Ballast Degradation
1392,1.768,1.664,63.49,154.73,31.81,0.61,2.89,Healthy
1393,1.588,3.429,105.54,140.64,35.68,0.13,0.88,Healthy
1394,4.017,2.588,78.68,147.87,24.02,1.62,15.7,Ballast Degradation
1395,2.198,3.864,109.95,148.23,45.11,0.99,3.57,Healthy
1396,3.226,5.3,99.32,199.45,35.18,6.59,0.21,Track Misalignment
1397,3.871,5.722,78.07,191.5,26.31,7.29,2.72,Track Misalignment
1398,1.896,2.986,89.29,148.77,45.55,0.8,1.49,Healthy
1399,4.515,5.39,100.73,142.09,25.42,3.66,2.7,Track Misalignment
1400,4.385,6.222,62.3,172.62,48.18,6.54,1.92,Track Misalignment
1401,1.158,2.894,66.05,164.74,45.27,1.45,2.6,Healthy
1402,2.18,2.732,56.13,200.78,21.46,1.28,3.09,Healthy
1403,2.14,4.493,108.03,153.72,25.17,0.84,2.32,Healthy
1404,2.333,1.815,91.88,161.06,33.41,0.89,3.82,Healthy
1405,3.249,6.185,78.27,128.0,31.8,7.46,0.62,Track Misalignment
1406,1.359,2.035,104.96,143.38,27.5,1.54,1.69,Healthy
1407,6.054,7.9,150.2,149.31,36.33,2.81,1.66,Rail Fracture
1408,2.808,3.151,78.86,159.75,32.75,1.15,14.39,Ballast Degradation
1409,1.032,3.876,86.17,169.54,19.26,0.48,3.67,Healthy
1410,1.72,3.47,87.85,162.35,53.37,0.64,3.86,Healthy
1411,1.586,3.267,84.75,195.18,36.19,0.77,4.02,Healthy
1412,2.541,0.279,91.6,169.67,32.62,1.01,2.79,Healthy
1413,2.946,4.049,78.99,176.94,38.43,2.16,20.85,Ballast Degradation
1414,2.846,4.631,33.95,179.02,25.34,2.08,18.98,Ballast Degradation
1415,1.662,3.189,90.87,143.08,14.76,0.91,3.09,Healthy
1416,4.437,6.866,99.96,223.96,67.11,4.19,0.08,Track Misalignment
1417,1.878,2.514,76.86,160.6,42.28,0.63,2.18,Healthy
1418,4.02,7.649,71.21,140.0,36.35,7.35,1.55,Track Misalignment
1419,0.928,3.753,72.13,186.47,22.43,0.78,1.61,Healthy
1420,4.515,4.627,116.65,156.51,49.41,6.5,2.18,Track Misalignment
1421,1.41,2.291,99.01,182.71,29.7,0.61,3.29,Healthy
1422,3.522,5.151,91.87,270.01,29.98,2.54,2.61,Fastener Displacement
1423,6.755,9.003,172.7,166.44,20.37,1.86,0.7,Rail Fracture
1424,2.23,3.04,75.74,194.44,35.25,1.02,4.06,Healthy
1425,3.589,6.277,63.55,169.55,45.04,7.61,1.29,Track Misalignment
1426,2.283,2.52,104.07,137.12,32.37,0.75,1.59,Healthy
1427,2.59,3.873,95.85,127.69,18.3,0.86,2.46,Healthy
1428,2.857,3.074,93.14,186.73,33.6,1.71,1.47,Healthy
1429,3.522,6.94,97.03,153.03,23.5,7.66,2.9,Track Misalignment
1430,3.033,2.899,48.22,175.87,41.37,1.69,18.87,Ballast Degradation
1431,4.275,7.067,96.62,233.46,20.6,1.77,2.38,Fastener Displacement
1432,3.874,3.828,95.76,175.04,25.34,1.64,13.85,Ballast Degradation
1433,3.769,4.278,70.72,174.33,29.63,1.33,10.88,Ballast Degradation
1434,4.778,11.144,135.44,171.21,47.05,1.49,0.55,Rail Fracture
1435,5.005,9.231,154.55,142.21,28.03,1.96,3.92,Rail Fracture
1436,2.124,2.921,86.47,161.0,44.77,1.58,2.7,Healthy
1437,4.524,5.016,96.47,232.22,28.37,3.08,2.52,Fastener Displacement
1438,5.307,10.372,161.15,172.99,38.32,1.57,2.4,Rail Fracture
1439,2.083,3.541,79.76,132.11,21.57,0.99,0.57,Healthy
1440,2.242,2.844,74.56,154.12,16.82,0.97,1.61,Healthy
1441,2.156,2.82,74.43,121.23,37.04,0.83,1.93,Healthy
1442,4.77,6.472,86.47,285.89,40.75,2.11,3.31,Fastener Displacement
1443,2.535,3.216,79.46,127.46,8.03,1.53,2.84,Healthy
1444,2.157,2.337,80.03,144.3,17.45,0.06,0.74,Healthy
1445,1.883,3.715,70.2,176.77,43.52,0.81,2.17,Healthy
1446,3.734,6.185,113.15,196.9,9.33,4.33,2.5,Track Misalignment
1447,4.746,4.61,68.45,236.77,23.95,2.15,1.42,Fastener Displacement
1448,5.486,8.215,187.25,152.16,33.56,2.38,1.89,Rail Fracture
1449,2.14,2.858,91.74,156.97,25.63,0.99,3.15,Healthy
1450,1.733,2.872,76.72,198.55,36.48,0.81,1.47,Healthy
1451,1.725,2.543,96.59,173.52,5.46,0.74,2.64,Healthy
1452,2.072,1.733,42.53,143.54,36.1,0.33,1.57,Healthy
1453,1.891,4.371,81.74,162.63,42.23,0.81,2.26,Healthy
1454,3.389,3.202,66.89,157.39,43.09,1.24,19.29,Ballast Degradation
1455,3.582,5.23,77.7,162.08,43.36,4.37,1.26,Track Misalignment
1456,4.572,3.569,64.32,149.11,30.49,1.53,19.09,Ballast Degradation
1457,2.181,3.416,92.31,147.87,25.55,0.7,1.72,Healthy
1458,7.3,10.373,171.38,159.7,30.97,1.89,1.31,Rail Fracture
1459,4.414,5.848,108.98,212.24,42.64,1.0,4.03,Fastener Displacement
1460,1.804,2.748,72.44,182.32,28.34,0.51,3.09,Healthy
1461,3.625,7.038,75.36,214.1,49.88,2.01,2.1,Fastener Displacement
1462,4.269,10.382,213.72,147.39,20.65,2.36,0.93,Rail Fracture
1463,2.57,2.774,89.08,189.04,26.88,0.36,0.9,Healthy
1464,2.175,3.743,80.89,133.52,7.12,1.8,3.08,Healthy
1465,4.093,5.342,73.08,203.35,40.24,4.18,1.15,Track Misalignment
1466,6.271,8.102,200.79,136.83,37.42,2.62,2.65,Rail Fracture
1467,3.761,7.407,96.88,188.14,13.51,2.1,4.23,Fastener Displacement
1468,2.157,2.863,81.48,200.6,31.61,1.27,0.75,Healthy
1469,1.832,3.495,97.99,154.06,42.01,1.1,1.72,Healthy
1470,4.688,7.216,105.9,274.07,32.23,2.93,0.25,Fastener Displacement
1471,2.391,2.658,82.9,173.99,28.07,1.34,1.28,Healthy
1472,5.692,8.902,181.41,163.33,41.93,1.3,1.32,Rail Fracture
1473,5.836,10.005,173.33,152.74,28.0,1.53,2.19,Rail Fracture
1474,5.191,6.972,198.99,213.16,39.83,1.0,5.42,Rail Fracture
1475,1.068,2.937,102.21,146.45,17.71,0.75,2.13,Healthy
1476,4.651,8.821,207.92,141.56,22.8,2.28,1.44,Rail Fracture
1477,4.125,4.585,92.13,180.2,33.39,4.6,4.77,Track Misalignment
1478,1.547,3.789,87.16,152.3,30.33,0.46,3.66,Healthy
1479,2.082,2.97,74.79,118.14,17.46,0.54,1.52,Healthy
1480,2.365,2.91,106.13,147.78,31.51,0.78,3.7,Healthy
1481,2.06,1.842,71.5,189.11,10.17,1.27,3.05,Healthy
1482,1.626,4.327,106.17,162.37,34.48,0.57,2.65,Healthy
1483,3.191,4.267,72.67,141.94,17.97,1.71,15.92,Ballast Degradation
1484,1.848,4.203,87.57,207.8,39.17,1.3,2.27,Healthy
1485,2.548,3.633,92.96,157.79,31.25,1.2,3.98,Healthy
1486,4.689,8.129,179.79,144.55,41.99,1.63,1.9,Rail Fracture
1487,5.822,9.58,160.47,143.78,15.74,2.83,1.48,Rail Fracture
1488,2.209,2.73,85.27,155.27,32.32,0.53,1.86,Healthy
1489,4.422,10.795,167.08,144.49,19.86,2.01,4.87,Rail Fracture
1490,2.52,3.318,97.69,177.97,42.83,1.35,3.96,Healthy
1491,4.346,2.531,79.66,180.63,54.12,0.93,18.34,Ballast Degradation
1492,2.357,3.144,87.28,207.91,28.79,0.92,2.61,Healthy
1493,3.0,3.045,76.49,206.16,29.62,0.24,1.69,Healthy
1494,1.19,2.746,83.95,190.97,39.92,1.0,1.52,Healthy
1495,4.409,4.922,91.34,137.18,44.6,4.53,2.86,Track Misalignment
1496,4.022,6.727,100.06,173.16,23.5,3.68,1.88,Track Misalignment
1497,2.053,2.047,88.3,147.62,50.94,0.24,2.92,Healthy
1498,1.996,3.466,100.33,163.66,41.37,0.57,2.77,Healthy
1499,5.332,4.896,80.81,274.83,20.99,1.83,3.16,Fastener Displacement
1500,6.473,10.012,167.74,145.54,40.86,1.81,3.58,Rail Fracture
1501,3.735,4.996,91.47,177.57,36.3,6.89,3.4,Track Misalignment
1502,1.448,4.241,69.73,172.44,30.18,0.65,3.34,Healthy
1503,2.231,2.429,82.39,148.07,30.81,0.76,4.53,Healthy
1504,1.043,3.977,91.74,162.12,28.19,0.47,4.63,Healthy
1505,1.218,3.229,103.09,168.44,23.08,0.45,1.49,Healthy
1506,3.735,4.781,90.76,168.1,28.06,3.84,1.33,Track Misalignment
1507,3.978,2.672,54.52,190.63,48.56,1.41,17.04,Ballast Degradation
1508,4.269,7.262,96.82,137.19,39.05,6.74,2.48,Track Misalignment
1509,1.585,2.772,87.32,152.71,33.03,0.19,3.98,Healthy
1510,4.372,8.356,179.61,177.28,35.32,2.13,3.45,Rail Fracture
1511,1.954,4.034,90.6,173.38,59.46,1.38,4.35,Healthy
1512,4.343,5.603,81.59,117.5,36.59,5.26,2.95,Track Misalignment
1513,3.202,6.631,57.96,169.58,26.05,7.34,1.93,Track Misalignment
1514,2.524,3.207,102.5,132.48,28.24,1.05,2.88,Healthy
1515,2.42,2.628,73.34,175.71,33.07,0.62,1.89,Healthy
1516,1.822,3.77,88.67,186.09,38.68,0.59,0.69,Healthy
1517,3.456,2.476,83.33,186.35,57.33,1.22,19.45,Ballast Degradation
1518,4.71,9.232,139.63,166.55,25.19,1.59,2.96,Rail Fracture
1519,1.464,3.525,87.81,170.76,38.52,0.58,0.83,Healthy
1520,2.31,2.625,91.14,192.68,45.53,0.6,0.86,Healthy
1521,1.86,4.024,74.07,151.88,26.21,0.61,2.49,Healthy
1522,4.32,2.899,105.91,139.18,50.49,2.29,17.8,Ballast Degradation
1523,2.78,8.109,81.11,225.66,26.11,2.35,2.11,Fastener Displacement
1524,5.265,5.942,81.38,262.38,36.55,1.78,2.29,Fastener Displacement
1525,4.243,4.249,46.69,179.66,12.0,2.14,20.4,Ballast Degradation
1526,2.328,2.347,84.19,156.67,42.02,1.1,0.48,Healthy
1527,1.725,3.165,70.92,173.16,61.06,0.84,1.99,Healthy
1528,1.339,4.014,89.69,141.92,21.82,0.81,3.53,Healthy
1529,4.249,7.777,71.05,245.46,52.23,1.53,1.69,Fastener Displacement
1530,2.149,2.571,78.13,171.26,18.57,1.26,4.37,Healthy
1531,2.16,3.83,114.33,199.25,13.91,0.69,3.05,Healthy
1532,5.102,6.552,72.76,161.43,24.75,6.12,2.25,Track Misalignment
1533,3.691,4.77,87.81,237.53,19.68,1.79,1.27,Fastener Displacement
1534,1.755,3.566,82.69,188.12,20.32,0.78,1.87,Healthy
1535,1.97,4.213,72.21,162.2,18.57,0.29,1.63,Healthy
1536,4.722,9.157,174.99,151.23,38.52,1.56,2.11,Rail Fracture
1537,2.165,3.039,101.87,157.75,26.2,1.28,4.52,Healthy
1538,5.199,5.893,83.83,275.15,41.58,1.93,2.96,Fastener Displacement
1539,4.144,7.265,91.6,235.25,36.05,2.16,3.02,Fastener Displacement
1540,5.581,9.157,204.35,187.28,38.57,2.07,2.73,Rail Fracture
1541,1.97,2.583,68.71,156.38,35.25,0.11,1.64,Healthy
1542,1.722,3.838,67.21,180.47,64.34,1.31,2.65,Healthy
1543,1.384,1.899,85.43,173.77,45.04,0.6,2.71,Healthy
1544,1.941,2.949,72.18,171.15,35.15,0.65,3.23,Healthy
1545,4.235,2.27,62.49,144.95,34.06,1.1,15.66,Ballast Degradation
1546,3.722,2.884,50.48,187.16,34.58,2.49,21.41,Ballast Degradation
1547,2.688,5.166,98.1,152.74,42.96,7.21,3.17,Track Misalignment
1548,1.977,2.509,67.01,169.49,26.91,0.77,2.24,Healthy
1549,4.947,7.791,225.77,181.68,50.53,1.13,0.74,Rail Fracture
1550,6.746,10.107,147.0,180.92,34.86,1.79,3.6,Rail Fracture
1551,2.629,2.131,74.93,145.59,28.01,0.94,2.01,Healthy
1552,5.121,7.478,68.23,256.98,49.13,3.09,2.33,Fastener Displacement
1553,2.588,2.66,84.42,162.71,26.01,1.06,2.9,Healthy
1554,2.161,3.431,94.08,146.55,42.86,0.89,2.02,Healthy
1555,2.155,3.757,69.31,194.15,33.25,0.62,1.91,Healthy
1556,3.193,6.676,114.71,129.41,22.55,6.46,2.45,Track Misalignment
1557,5.725,8.459,210.27,191.22,48.47,2.18,0.02,Rail Fracture
1558,4.683,10.936,157.57,199.44,35.51,1.89,2.58,Rail Fracture
1559,1.262,4.146,56.34,152.14,43.69,0.8,1.05,Healthy
1560,2.03,2.849,75.64,164.24,26.6,1.65,2.24,Healthy
1561,1.756,4.244,60.41,172.91,30.37,0.3,1.6,Healthy
1562,1.611,3.182,110.94,168.75,17.01,0.5,2.19,Healthy
1563,2.068,3.219,110.96,164.92,20.33,1.2,3.89,Healthy
1564,1.889,3.436,81.83,119.77,39.2,1.11,4.09,Healthy
1565,6.557,9.37,170.63,170.45,33.94,1.77,2.54,Rail Fracture
1566,1.81,2.604,60.76,165.53,38.27,0.75,2.49,Healthy
1567,3.974,6.158,67.43,163.01,53.72,5.83,3.22,Track Misalignment
1568,4.767,7.481,76.14,219.94,29.68,1.96,2.12,Fastener Displacement
1569,3.924,6.046,88.14,153.47,38.57,6.45,2.17,Track Misalignment
1570,2.214,3.385,84.88,173.54,22.43,0.39,2.39,Healthy
1571,4.185,3.263,61.93,159.03,34.46,1.9,11.0,Ballast Degradation
1572,3.809,3.866,66.02,194.86,45.67,1.91,9.19,Ballast Degradation
1573,4.399,7.024,55.08,244.86,6.08,2.37,5.31,Fastener Displacement
1574,1.6,3.19,67.79,222.18,38.54,0.75,2.18,Healthy
1575,4.231,6.722,110.17,233.32,9.58,1.47,3.52,Fastener Displacement
1576,1.699,3.403,79.13,159.69,42.02,1.06,2.32,Healthy
1577,2.72,3.413,79.13,150.63,44.27,0.84,2.32,Healthy
1578,2.152,2.96,103.06,192.71,38.85,1.28,2.51,Healthy
1579,3.991,7.474,98.74,253.63,54.53,1.83,2.33,Fastener Displacement
1580,2.076,2.005,94.31,147.72,20.5,0.87,1.73,Healthy
1581,2.077,3.56,72.72,143.19,33.26,0.99,4.11,Healthy
1582,4.853,10.444,215.79,143.15,24.87,1.76,1.86,Rail Fracture
1583,3.162,3.242,86.73,172.16,29.73,1.75,14.14,Ballast Degradation
1584,5.374,7.071,168.78,149.78,20.82,1.95,1.41,Rail Fracture
1585,4.05,5.593,91.38,152.19,38.02,4.64,1.81,Track Misalignment
1586,2.364,2.524,58.38,137.49,30.29,2.61,20.05,Ballast Degradation
1587,2.034,3.269,70.52,168.25,49.16,1.49,3.35,Healthy
1588,2.332,3.946,54.89,197.61,27.01,0.61,2.11,Healthy
1589,3.037,2.801,64.25,169.81,37.19,1.16,19.39,Ballast Degradation
1590,4.223,3.853,72.62,144.94,30.13,1.48,13.21,Ballast Degradation
1591,1.621,2.119,75.44,148.25,33.11,0.58,1.91,Healthy
1592,2.456,4.03,87.22,169.96,30.98,0.97,2.93,Healthy
1593,3.444,6.392,90.09,164.42,22.67,5.83,3.39,Track Misalignment
1594,3.452,7.065,83.3,270.6,15.24,1.99,1.81,Fastener Displacement
1595,2.252,3.19,85.14,136.54,21.69,0.33,2.34,Healthy
1596,1.348,3.051,71.87,141.48,26.12,0.41,3.17,Healthy
1597,3.838,2.69,64.21,206.21,15.15,1.69,21.93,Ballast Degradation
1598,6.519,6.905,189.79,189.42,24.49,1.32,0.91,Rail Fracture
1599,2.198,3.356,83.05,157.62,41.7,0.6,3.42,Healthy
1600,1.621,2.514,76.81,132.73,27.84,1.26,1.35,Healthy
1601,1.805,4.48,74.77,161.83,22.99,0.56,3.97,Healthy
1602,4.971,8.84,200.19,143.63,18.29,2.38,2.75,Rail Fracture
1603,2.676,4.318,79.51,128.29,17.78,0.64,4.72,Healthy
1604,4.982,8.595,138.97,184.24,31.99,3.0,3.19,Rail Fracture
1605,2.41,2.731,99.29,167.99,29.78,0.39,2.83,Healthy
1606,4.556,5.058,94.24,201.1,36.0,7.03,3.13,Track Misalignment
1607,1.652,2.154,104.0,142.82,41.2,0.95,3.51,Healthy
1608,1.644,3.265,80.61,137.92,54.32,0.52,1.41,Healthy
1609,2.564,1.483,102.55,144.95,35.91,0.56,4.69,Healthy
1610,3.53,4.887,86.34,266.38,37.83,2.11,0.99,Fastener Displacement
1611,2.197,2.848,102.91,126.76,25.57,1.23,4.51,Healthy
1612,6.495,11.026,168.43,193.05,36.44,2.04,3.01,Rail Fracture
1613,1.257,2.703,81.04,167.31,39.11,0.87,2.22,Healthy
1614,5.74,7.726,168.95,160.9,24.94,1.82,1.88,Rail Fracture
1615,4.207,5.12,93.15,154.28,42.09,6.45,0.88,Track Misalignment
1616,2.507,3.884,92.94,192.42,33.08,1.58,3.32,Healthy
1617,3.16,4.577,81.24,128.54,37.26,3.88,0.28,Track Misalignment
1618,6.405,9.85,179.81,173.52,48.32,2.16,3.63,Rail Fracture
1619,1.644,3.371,62.78,141.06,25.67,0.96,2.74,Healthy
1620,5.287,8.619,190.97,147.43,26.36,0.9,2.82,Rail Fracture
1621,1.597,2.33,80.25,174.23,53.34,0.3,1.97,Healthy
1622,3.025,3.067,61.71,125.1,33.2,1.13,19.0,Ballast Degradation
1623,7.214,10.903,165.63,169.78,18.52,1.95,3.28,Rail Fracture
1624,1.451,4.007,96.55,204.56,56.84,0.35,1.09,Healthy
1625,2.413,3.46,86.47,138.03,32.02,0.86,3.36,Healthy
1626,5.242,7.477,203.71,178.9,19.94,1.87,3.85,Rail Fracture
1627,3.048,7.31,86.81,137.66,27.54,6.82,2.27,Track Misalignment
1628,3.062,6.587,88.06,177.76,28.2,7.54,2.71,Track Misalignment
1629,3.599,2.741,53.78,208.38,22.5,1.03,10.81,Ballast Degradation
1630,1.944,2.508,94.65,162.54,27.55,1.32,2.37,Healthy
1631,2.552,3.901,95.37,164.99,32.3,0.71,0.12,Healthy
1632,3.621,3.578,64.98,179.63,17.85,1.06,16.21,Ballast Degradation
1633,2.952,4.144,123.17,164.19,21.09,4.15,2.31,Track Misalignment
1634,4.557,9.438,204.1,191.29,47.43,1.52,2.49,Rail Fracture
1635,2.765,2.731,74.26,154.7,20.65,1.02,2.82,Healthy
1636,1.814,2.959,52.32,173.28,34.09,0.41,2.38,Healthy
1637,4.082,2.257,74.42,141.0,26.86,1.59,16.27,Ballast Degradation
1638,4.155,8.249,88.41,245.64,36.49,2.82,2.14,Fastener Displacement
1639,2.537,2.425,102.8,116.54,30.41,1.31,3.28,Healthy
1640,2.259,2.074,79.5,157.34,32.21,1.75,19.82,Ballast Degradation
1641,1.808,3.449,90.91,165.68,42.88,0.73,2.56,Healthy
1642,5.904,7.365,76.65,212.67,45.15,2.02,2.58,Fastener Displacement
1643,5.321,5.762,115.31,244.31,33.21,1.94,3.48,Fastener Displacement
1644,3.67,2.991,64.88,156.5,23.65,1.59,17.07,Ballast Degradation
1645,2.123,1.549,67.02,156.74,25.16,0.24,3.44,Healthy
1646,3.696,2.514,56.45,176.32,30.09,1.64,18.75,Ballast Degradation
1647,2.014,2.686,57.89,135.41,31.15,0.76,4.05,Healthy
1648,1.691,3.573,77.84,180.02,41.87,1.23,1.96,Healthy
1649,2.089,3.907,69.51,164.92,10.59,1.64,19.99,Ballast Degradation
1650,3.005,5.073,109.02,175.95,31.72,7.77,3.78,Track Misalignment
1651,4.98,9.429,176.8,154.0,30.85,1.42,0.51,Rail Fracture
1652,2.93,6.805,100.75,135.15,31.42,3.94,0.97,Track Misalignment
1653,2.47,3.36,96.26,159.13,39.63,0.75,2.01,Healthy
1654,0.951,1.689,90.74,159.17,17.19,0.43,1.48,Healthy
1655,2.546,4.148,61.16,134.92,17.21,1.25,2.96,Healthy
1656,2.103,2.96,68.18,176.29,30.95,0.38,3.13,Healthy
1657,2.102,2.913,98.37,169.84,23.28,0.91,2.89,Healthy
1658,4.238,2.569,65.39,127.05,31.68,1.13,12.25,Ballast Degradation
1659,5.639,5.652,86.1,234.26,15.52,1.79,2.95,Fastener Displacement
1660,3.967,3.875,104.21,164.02,50.51,7.64,0.25,Track Misalignment
1661,4.664,6.083,108.63,155.51,22.79,7.78,2.42,Track Misalignment
1662,3.138,4.692,78.69,217.22,49.28,1.85,1.74,Fastener Displacement
1663,2.035,3.645,91.06,188.7,44.48,0.87,2.91,Healthy
1664,1.5,4.749,77.31,157.28,19.67,0.39,3.57,Healthy
1665,3.057,6.31,88.3,187.01,57.41,5.96,2.24,Track Misalignment
1666,1.641,3.804,103.77,160.43,35.87,1.22,0.63,Healthy
1667,6.248,7.659,68.06,236.9,44.24,1.79,2.69,Fastener Displacement
1668,1.843,2.285,63.18,149.8,42.45,0.88,2.42,Healthy
1669,3.723,7.873,92.57,251.29,4.27,1.94,1.97,Fastener Displacement
1670,1.321,2.786,55.91,155.62,21.5,1.25,2.95,Healthy
1671,4.995,8.802,157.86,170.84,52.91,1.67,2.09,Rail Fracture
1672,5.181,5.521,92.41,232.49,23.72,2.81,2.52,Fastener Displacement
1673,2.093,2.237,80.78,199.14,18.76,0.54,3.72,Healthy
1674,4.562,6.345,74.25,208.48,17.72,2.35,2.79,Fastener Displacement
1675,3.841,4.281,79.49,268.7,56.27,2.87,2.44,Fastener Displacement
1676,2.106,3.386,90.19,198.56,26.51,1.07,2.68,Healthy
1677,1.903,2.755,95.98,172.88,23.98,1.27,3.31,Healthy
1678,1.789,3.255,94.91,129.93,37.13,1.03,0.09,Healthy
1679,4.673,6.88,97.04,230.4,21.56,1.61,3.7,Fastener Displacement
1680,1.609,3.088,94.95,201.94,30.36,0.5,1.49,Healthy
1681,4.163,3.53,71.73,159.74,32.98,1.99,17.88,Ballast Degradation
1682,2.979,2.425,62.81,171.26,31.03,1.6,18.88,Ballast Degradation
1683,1.967,3.288,73.71,190.13,31.62,0.66,1.87,Healthy
1684,4.771,5.281,84.4,230.6,24.54,2.43,3.01,Fastener Displacement
1685,1.216,2.849,79.37,142.14,26.76,0.85,1.25,Healthy
1686,2.697,1.878,82.25,139.34,24.73,0.73,1.41,Healthy
1687,5.339,6.236,100.37,186.56,30.33,2.58,3.46,Fastener Displacement
1688,1.87,3.124,71.27,166.49,14.0,0.61,2.37,Healthy
1689,2.5,2.325,116.14,168.26,35.64,0.23,1.82,Healthy
1690,2.076,3.075,88.41,133.25,31.94,1.29,3.7,Healthy
1691,3.825,2.119,57.64,206.0,39.36,1.1,15.62,Ballast Degradation
1692,2.119,2.629,70.21,192.87,56.87,1.48,3.22,Healthy
1693,1.968,3.284,78.7,194.01,10.61,0.7,3.38,Healthy
1694,6.836,11.174,220.06,136.53,17.95,1.88,0.81,Rail Fracture
1695,1.57,3.443,113.14,145.47,51.97,0.93,2.52,Healthy
1696,2.176,4.3,92.8,176.9,28.36,1.09,1.45,Healthy
1697,5.168,1.247,76.76,170.98,30.49,1.91,22.23,Ballast Degradation
1698,2.256,2.532,99.0,181.14,37.61,0.44,1.67,Healthy
1699,1.656,3.449,70.83,187.18,25.45,0.46,1.72,Healthy
1700,3.934,5.624,68.57,262.22,20.42,2.53,3.41,Fastener Displacement
1701,2.261,2.207,81.84,151.82,25.28,0.71,3.49,Healthy
1702,5.006,7.418,191.08,113.13,37.04,0.63,0.38,Rail Fracture
1703,2.208,2.825,105.79,199.43,38.64,0.53,1.89,Healthy
1704,1.981,2.265,80.06,170.73,11.18,0.36,1.94,Healthy
1705,1.778,2.811,74.41,133.11,27.12,0.73,2.16,Healthy
1706,2.189,3.477,75.5,130.33,46.99,0.93,1.45,Healthy
1707,2.481,4.21,88.76,188.31,19.69,0.79,2.13,Healthy
1708,2.725,3.175,70.93,137.2,51.1,0.98,2.99,Healthy
1709,2.121,2.309,90.81,139.15,29.05,0.57,1.08,Healthy
1710,1.596,2.853,85.03,203.89,36.35,0.92,3.05,Healthy
1711,2.204,3.197,95.67,111.61,55.98,1.36,2.74,Healthy
1712,3.549,5.107,93.01,136.78,57.49,6.79,2.58,Track Misalignment
1713,4.416,11.653,178.67,158.8,30.12,1.82,2.91,Rail Fracture
1714,2.724,1.824,92.34,179.89,49.07,1.05,2.61,Healthy
1715,1.669,2.728,64.96,197.71,37.95,0.48,2.8,Healthy
1716,2.447,2.351,37.99,173.7,23.24,1.02,3.55,Healthy
1717,4.548,6.737,111.24,195.34,49.13,7.77,1.08,Track Misalignment
1718,3.374,1.289,64.24,162.83,38.09,2.16,17.7,Ballast Degradation
1719,1.428,4.28,96.06,164.52,15.18,0.47,3.19,Healthy
1720,3.804,6.227,55.81,277.43,15.75,2.38,2.73,Fastener Displacement
1721,2.062,2.8,88.94,202.35,27.47,1.03,1.53,Healthy
1722,2.093,3.259,83.35,132.09,36.35,0.89,1.52,Healthy
1723,3.364,7.013,91.25,145.62,34.51,6.13,1.21,Track Misalignment
1724,2.729,2.844,79.85,187.73,30.95,0.02,2.39,Healthy
1725,2.333,2.384,80.95,186.49,32.34,0.26,3.86,Healthy
1726,2.491,2.023,83.19,176.21,32.04,0.39,0.13,Healthy
1727,2.112,3.817,98.93,178.13,29.47,0.97,4.08,Healthy
1728,6.212,8.656,161.94,186.74,23.99,2.33,3.97,Rail Fracture
1729,1.325,4.109,95.04,163.32,37.86,0.96,2.28,Healthy
1730,2.626,3.109,76.0,193.73,10.75,0.96,3.31,Healthy
1731,3.991,2.982,62.94,186.19,21.06,2.3,14.67,Ballast Degradation
1732,1.964,3.738,93.4,174.96,36.21,0.63,2.17,Healthy
1733,1.922,3.778,86.4,173.27,17.57,1.13,1.86,Healthy
1734,4.002,3.488,70.3,175.0,31.98,1.12,13.91,Ballast Degradation
1735,2.98,4.946,78.79,226.02,40.51,2.01,3.43,Fastener Displacement
1736,3.479,5.831,96.73,164.54,33.1,5.21,4.03,Track Misalignment
1737,1.935,3.395,76.17,168.21,33.09,0.91,2.89,Healthy
1738,5.055,8.561,199.96,222.33,33.55,1.68,1.7,Rail Fracture
1739,3.571,2.448,52.41,198.91,38.14,1.38,16.76,Ballast Degradation
1740,4.609,7.485,103.89,230.95,24.8,2.68,2.86,Fastener Displacement
1741,7.366,7.893,192.77,147.43,35.63,2.05,3.8,Rail Fracture
1742,1.648,3.144,65.85,205.62,14.88,0.3,1.8,Healthy
1743,4.024,6.717,100.28,240.58,37.65,3.01,2.23,Fastener Displacement
1744,1.909,3.089,90.62,171.32,50.75,0.93,2.17,Healthy
1745,2.454,3.542,95.78,132.04,5.58,1.25,2.98,Healthy
1746,4.165,6.721,106.2,186.17,23.25,4.69,0.13,Track Misalignment
1747,1.931,2.605,72.62,161.4,22.24,1.41,1.07,Healthy
1748,2.915,6.296,84.96,246.22,22.74,2.01,1.9,Fastener Displacement
1749,3.175,2.984,104.52,158.68,36.98,0.97,14.19,Ballast Degradation
1750,0.939,2.224,90.96,170.23,32.89,0.61,3.53,Healthy
1751,4.583,4.911,79.47,145.61,28.3,6.28,3.72,Track Misalignment
1752,5.437,9.454,166.81,132.79,42.54,2.32,1.75,Rail Fracture
1753,1.826,3.032,79.2,189.78,42.74,1.18,2.7,Healthy
1754,3.709,2.702,82.71,187.05,31.99,1.03,13.95,Ballast Degradation
1755,5.751,6.72,179.16,148.23,26.72,1.19,1.85,Rail Fracture
1756,1.93,3.423,95.78,163.62,36.01,0.81,2.72,Healthy
1757,1.778,3.012,55.42,197.91,56.77,0.86,3.23,Healthy
1758,1.404,3.65,78.6,215.4,30.93,1.12,2.3,Healthy
1759,6.41,8.095,192.69,173.89,35.52,1.21,0.34,Rail Fracture
1760,4.144,4.7,94.22,234.67,45.82,2.24,3.16,Fastener Displacement
1761,1.341,1.994,86.75,176.75,32.65,0.63,1.46,Healthy
1762,1.63,2.956,62.18,180.43,26.76,0.93,3.48,Healthy
1763,4.231,1.553,48.44,189.27,38.6,2.48,17.33,Ballast Degradation
1764,6.411,9.352,208.48,202.33,43.27,1.69,3.62,Rail Fracture
1765,2.816,3.456,60.15,148.97,24.45,1.47,19.62,Ballast Degradation
1766,5.58,5.491,87.85,251.2,51.18,2.49,2.77,Fastener Displacement
1767,1.879,2.61,76.24,188.65,35.4,0.72,5.42,Healthy
1768,2.247,2.266,82.64,168.27,42.29,0.71,2.1,Healthy
1769,2.901,3.443,60.86,174.57,32.24,1.41,18.51,Ballast Degradation
1770,4.425,4.765,81.99,191.29,42.28,5.31,1.35,Track Misalignment
1771,3.5,4.327,73.33,152.71,31.17,6.15,1.44,Track Misalignment
1772,2.595,2.872,90.72,173.94,34.5,0.35,0.23,Healthy
1773,3.764,4.299,57.41,143.92,36.06,1.73,23.05,Ballast Degradation
1774,6.022,9.855,182.56,167.03,38.04,1.72,2.94,Rail Fracture
1775,1.641,3.019,74.05,156.29,47.17,0.75,0.49,Healthy
1776,2.026,3.028,93.34,175.44,31.47,0.38,2.01,Healthy
1777,5.046,9.803,176.07,183.13,28.78,1.9,3.24,Rail Fracture
1778,2.336,3.056,82.95,146.35,11.49,1.3,2.27,Healthy
1779,1.698,3.878,98.22,143.72,45.81,0.75,1.83,Healthy
1780,1.648,2.075,96.64,160.14,39.79,0.9,3.1,Healthy
1781,3.968,7.9,65.88,252.18,17.7,2.43,4.27,Fastener Displacement
1782,2.214,2.045,91.52,200.11,30.94,1.17,1.58,Healthy
1783,2.435,2.335,58.3,157.01,18.69,1.04,12.53,Ballast Degradation
1784,1.555,4.35,101.7,157.17,29.82,0.87,3.16,Healthy
1785,1.397,3.306,53.25,161.1,48.99,0.3,0.74,Healthy
1786,2.624,3.228,56.43,127.97,34.08,0.39,2.65,Healthy
1787,6.544,9.627,194.05,191.65,43.13,1.35,2.29,Rail Fracture
1788,2.097,2.84,78.24,212.79,28.17,0.69,1.77,Healthy
1789,1.954,2.217,78.63,178.41,44.3,0.81,2.56,Healthy
1790,1.774,2.356,61.65,149.55,42.94,0.65,2.12,Healthy
1791,2.56,2.35,89.16,163.49,33.75,0.89,2.56,Healthy
1792,3.499,4.221,68.67,127.52,40.02,1.53,15.26,Ballast Degradation
1793,3.723,1.878,57.63,179.93,31.87,2.16,15.44,Ballast Degradation
1794,1.533,2.227,79.78,172.49,31.0,0.97,2.45,Healthy
1795,3.086,2.632,109.6,196.83,38.55,0.13,2.53,Healthy
1796,3.54,2.256,76.21,186.67,45.87,1.81,18.61,Ballast Degradation
1797,1.773,3.461,83.41,173.88,38.58,0.92,3.11,Healthy
1798,2.745,6.923,84.72,153.51,35.65,7.62,3.81,Track Misalignment
1799,6.527,7.066,161.82,152.84,29.65,2.14,1.04,Rail Fracture
1800,2.045,3.6,82.02,199.13,16.59,1.13,2.63,Healthy
